material_id,formula,elements,band_gap,energy_above_hull,is_metal,cif_path,contains_o,contains_ge,has_y,has_gd,has_la,has_lu,has_sc,has_in,has_trivalent_site,source,has_eu_site_element,has_luminescent_element,stability_tier,is_core_pool
mp-1183152,AcScO3,"Ac,O,Sc",3.3847,0.024140034874998,False,data\eu_candidates\cifs\mp-1183152__AcScO3.cif,True,False,False,False,False,False,True,False,True,Materials Project,True,False,core,True
mp-540659,Ba(BO2)2,"B,Ba,O",4.5867,0.0,False,data\eu_candidates\cifs\mp-540659__Ba_BO2_2.cif,True,False,False,False,False,False,False,False,False,Materials Project,True,False,core,True
mp-1228877,Ba(GaO2)2,"Ba,Ga,O",3.022,0.0,False,data\eu_candidates\cifs\mp-1228877__Ba_GaO2_2.cif,True,False,False,False,False,False,False,False,False,Materials Project,True,False,core,True
mp-559939,Ba(PO3)2,"Ba,O,P",5.6525,0.0,False,data\eu_candidates\cifs\mp-559939__Ba_PO3_2.cif,True,False,False,False,False,False,False,False,False,Materials Project,True,False,core,True
mp-1194732,Ba2As2O7,"As,Ba,O",3.335,0.0,False,data\eu_candidates\cifs\mp-1194732__Ba2As2O7.cif,True,False,False,False,False,False,False,False,False,Materials Project,True,False,core,True
mp-757280,Ba2As6O11,"As,Ba,O",3.1926,0.0,False,data\eu_candidates\cifs\mp-757280__Ba2As6O11.cif,True,False,False,False,False,False,False,False,False,Materials Project,True,False,core,True
mp-1019522,Ba2B10O17,"B,Ba,O",5.7815,0.002153663038802,False,data\eu_candidates\cifs\mp-1019522__Ba2B10O17.cif,True,False,False,False,False,False,False,False,False,Materials Project,True,False,core,True
mp-771158,Ba2B2O5,"B,Ba,O",4.2362,0.0,False,data\eu_candidates\cifs\mp-771158__Ba2B2O5.cif,True,False,False,False,False,False,False,False,False,Materials Project,True,False,core,True
mp-8271,Ba2Ca(BO2)6,"B,Ba,Ca,O",4.9616,0.0,False,data\eu_candidates\cifs\mp-8271__Ba2Ca_BO2_6.cif,True,False,False,False,False,False,False,False,False,Materials Project,True,False,core,True
mp-549737,Ba2Ca(BO3)2,"B,Ba,Ca,O",4.080500000000001,0.0,False,data\eu_candidates\cifs\mp-549737__Ba2Ca_BO3_2.cif,True,False,False,False,False,False,False,False,False,Materials Project,True,False,core,True
mp-1019518,Ba2CaSi4(BO7)2,"B,Ba,Ca,O,Si",5.0218,0.0,False,data\eu_candidates\cifs\mp-1019518__Ba2CaSi4_BO7_2.cif,True,False,False,False,False,False,False,False,False,Materials Project,True,False,core,True
mp-19098,Ba2CaWO6,"Ba,Ca,O,W",3.2912,0.0,False,data\eu_candidates\cifs\mp-19098__Ba2CaWO6.cif,True,False,False,False,False,False,False,False,False,Materials Project,True,False,core,True
mp-1190588,Ba2Cd(BO2)6,"B,Ba,Cd,O",4.3316,0.0,False,data\eu_candidates\cifs\mp-1190588__Ba2Cd_BO2_6.cif,True,False,False,False,False,False,False,False,False,Materials Project,True,False,core,True
mp-1205929,Ba2GdPaO6,"Ba,Gd,O,Pa",3.1597,0.0,False,data\eu_candidates\cifs\mp-1205929__Ba2GdPaO6.cif,True,False,False,True,False,False,False,False,True,Materials Project,True,False,core,True
mp-753668,Ba2GdSbO6,"Ba,Gd,O,Sb",3.4839,0.0,False,data\eu_candidates\cifs\mp-753668__Ba2GdSbO6.cif,True,False,False,True,False,False,False,False,True,Materials Project,True,False,core,True
mp-1205549,Ba2GdTaO6,"Ba,Gd,O,Ta",3.307599999999999,0.0,False,data\eu_candidates\cifs\mp-1205549__Ba2GdTaO6.cif,True,False,False,True,False,False,False,False,True,Materials Project,True,False,core,True
mp-1215029,Ba2GdV3O11,"Ba,Gd,O,V",3.143,0.01504216661765,False,data\eu_candidates\cifs\mp-1215029__Ba2GdV3O11.cif,True,False,False,True,False,False,False,False,True,Materials Project,True,False,core,True
mp-780263,Ba2GeO4,"Ba,Ge,O",3.7979,0.0,False,data\eu_candidates\cifs\mp-780263__Ba2GeO4.cif,True,True,False,False,False,False,False,False,False,Materials Project,True,False,core,True
mp-754363,Ba2HfO4,"Ba,Hf,O",3.437,0.0,False,data\eu_candidates\cifs\mp-754363__Ba2HfO4.cif,True,False,False,False,False,False,False,False,False,Materials Project,True,False,core,True
mp-553281,Ba2LaNbO6,"Ba,La,Nb,O",3.0639,0.0,False,data\eu_candidates\cifs\mp-553281__Ba2LaNbO6.cif,True,False,False,False,True,False,False,False,True,Materials Project,True,False,core,True
mp-1205623,Ba2LaPaO6,"Ba,La,O,Pa",3.3736,0.0,False,data\eu_candidates\cifs\mp-1205623__Ba2LaPaO6.cif,True,False,False,False,True,False,False,False,True,Materials Project,True,False,core,True
mp-551269,Ba2LaSbO6,"Ba,La,O,Sb",3.8961,0.0,False,data\eu_candidates\cifs\mp-551269__Ba2LaSbO6.cif,True,False,False,False,True,False,False,False,True,Materials Project,True,False,core,True
mp-13055,Ba2LaTaO6,"Ba,La,O,Ta",3.621299999999999,0.0,False,data\eu_candidates\cifs\mp-13055__Ba2LaTaO6.cif,True,False,False,False,True,False,False,False,True,Materials Project,True,False,core,True
mp-1214937,Ba2LaV3O11,"Ba,La,O,V",3.5103,0.013139318676474,False,data\eu_candidates\cifs\mp-1214937__Ba2LaV3O11.cif,True,False,False,False,True,False,False,False,True,Materials Project,True,False,core,True
mp-6075,Ba2Li(BO2)5,"B,Ba,Li,O",5.1407,0.0,False,data\eu_candidates\cifs\mp-6075__Ba2Li_BO2_5.cif,True,False,False,False,False,False,False,False,False,Materials Project,True,False,core,True
mp-555958,Ba2Li3(PO3)7,"Ba,Li,O,P",5.652100000000001,0.000288834090898,False,data\eu_candidates\cifs\mp-555958__Ba2Li3_PO3_7.cif,True,False,False,False,False,False,False,False,False,Materials Project,True,False,core,True
mp-1078185,Ba2LuSbO6,"Ba,Lu,O,Sb",3.2383,0.0,False,data\eu_candidates\cifs\mp-1078185__Ba2LuSbO6.cif,True,False,False,False,False,True,False,False,True,Materials Project,True,False,core,True
mp-1079705,Ba2LuTaO6,"Ba,Lu,O,Ta",3.408899999999999,0.0,False,data\eu_candidates\cifs\mp-1079705__Ba2LuTaO6.cif,True,False,False,False,False,True,False,False,True,Materials Project,True,False,core,True
mp-1019528,Ba2Mg(BO2)6,"B,Ba,Mg,O",5.2119,0.0062119546131,False,data\eu_candidates\cifs\mp-1019528__Ba2Mg_BO2_6.cif,True,False,False,False,False,False,False,False,False,Materials Project,True,False,core,True
mp-9259,Ba2Mg(BO3)2,"B,Ba,Mg,O",4.532399999999999,0.0,False,data\eu_candidates\cifs\mp-9259__Ba2Mg_BO3_2.cif,True,False,False,False,False,False,False,False,False,Materials Project,True,False,core,True
mp-14558,Ba2Mg(PO4)2,"Ba,Mg,O,P",4.8917,0.0,False,data\eu_candidates\cifs\mp-14558__Ba2Mg_PO4_2.cif,True,False,False,False,False,False,False,False,False,Materials Project,True,False,core,True
mp-1190545,Ba2MgGe2O7,"Ba,Ge,Mg,O",3.6256,0.0,False,data\eu_candidates\cifs\mp-1190545__Ba2MgGe2O7.cif,True,True,False,False,False,False,False,False,False,Materials Project,True,False,core,True
mp-9338,Ba2MgSi2O7,"Ba,Mg,O,Si",4.4529,0.0,False,data\eu_candidates\cifs\mp-9338__Ba2MgSi2O7.cif,True,False,False,False,False,False,False,False,False,Materials Project,True,False,core,True
mp-18986,Ba2MgWO6,"Ba,Mg,O,W",3.223099999999999,0.0,False,data\eu_candidates\cifs\mp-18986__Ba2MgWO6.cif,True,False,False,False,False,False,False,False,False,Materials Project,True,False,core,True
mp-20620,Ba2NbInO6,"Ba,In,Nb,O",3.3486,0.0,False,data\eu_candidates\cifs\mp-20620__Ba2NbInO6.cif,True,False,False,False,False,False,False,True,True,Materials Project,True,False,core,True
mp-1019530,Ba2P2O7,"Ba,O,P",5.3745,0.0,False,data\eu_candidates\cifs\mp-1019530__Ba2P2O7.cif,True,False,False,False,False,False,False,False,False,Materials Project,True,False,core,True
mp-772748,Ba2P6O17,"Ba,O,P",5.4647,0.001713378700026,False,data\eu_candidates\cifs\mp-772748__Ba2P6O17.cif,True,False,False,False,False,False,False,False,False,Materials Project,True,False,core,True
mp-558688,Ba2Sc2B4O11,"B,Ba,O,Sc",3.3548,0.008282484144732,False,data\eu_candidates\cifs\mp-558688__Ba2Sc2B4O11.cif,True,False,False,False,False,False,True,False,True,Materials Project,True,False,core,True
mp-1206567,Ba2ScPaO6,"Ba,O,Pa,Sc",3.3981,0.0,False,data\eu_candidates\cifs\mp-1206567__Ba2ScPaO6.cif,True,False,False,False,False,False,True,False,True,Materials Project,True,False,core,True
mp-1205823,Ba2ScTaO6,"Ba,O,Sc,Ta",3.0173,0.0,False,data\eu_candidates\cifs\mp-1205823__Ba2ScTaO6.cif,True,False,False,False,False,False,True,False,True,Materials Project,True,False,core,True
mp-1214840,Ba2ScV3O11,"Ba,O,Sc,V",3.2262,0.022540607647062,False,data\eu_candidates\cifs\mp-1214840__Ba2ScV3O11.cif,True,False,False,False,False,False,True,False,True,Materials Project,True,False,core,True
mp-1228626,Ba2Si3Ge5O18,"Ba,Ge,O,Si",3.2348,0.018465737410713,False,data\eu_candidates\cifs\mp-1228626__Ba2Si3Ge5O18.cif,True,True,False,False,False,False,False,False,False,Materials Project,True,False,core,True
mp-1228564,Ba2Si3GeO10,"Ba,Ge,O,Si",4.1604,0.01262632640627,False,data\eu_candidates\cifs\mp-1228564__Ba2Si3GeO10.cif,True,True,False,False,False,False,False,False,False,Materials Project,True,False,core,True
mp-29222,Ba2Si3O8,"Ba,O,Si",4.8327,0.0,False,data\eu_candidates\cifs\mp-29222__Ba2Si3O8.cif,True,False,False,False,False,False,False,False,False,Materials Project,True,False,core,True
mp-17612,Ba2SiO4,"Ba,O,Si",4.6319,0.0,False,data\eu_candidates\cifs\mp-17612__Ba2SiO4.cif,True,False,False,False,False,False,False,False,False,Materials Project,True,False,core,True
mp-1228498,Ba2Sr(PO4)2,"Ba,O,P,Sr",5.309799999999999,0.008214068205094,False,data\eu_candidates\cifs\mp-1228498__Ba2Sr_PO4_2.cif,True,False,False,False,False,False,False,False,False,Materials Project,True,False,core,True
mp-1228510,Ba2Sr3CaMg2(SiO4)4,"Ba,Ca,Mg,O,Si,Sr",4.747299999999999,0.010974494598215,False,data\eu_candidates\cifs\mp-1228510__Ba2Sr3CaMg2_SiO4_4.cif,True,False,False,False,False,False,False,False,False,Materials Project,True,False,core,True
mp-1228533,Ba2SrCa3Mg2(SiO4)4,"Ba,Ca,Mg,O,Si,Sr",4.8951,0.016941864151787,False,data\eu_candidates\cifs\mp-1228533__Ba2SrCa3Mg2_SiO4_4.cif,True,False,False,False,False,False,False,False,False,Materials Project,True,False,core,True
mp-1228399,Ba2SrV2O8,"Ba,O,Sr,V",3.7201,0.009752743076926,False,data\eu_candidates\cifs\mp-1228399__Ba2SrV2O8.cif,True,False,False,False,False,False,False,False,False,Materials Project,True,False,core,True
mp-18764,Ba2SrWO6,"Ba,O,Sr,W",3.2504,0.0,False,data\eu_candidates\cifs\mp-18764__Ba2SrWO6.cif,True,False,False,False,False,False,False,False,False,Materials Project,True,False,core,True
mp-1079630,Ba2TaInO6,"Ba,In,O,Ta",3.945899999999999,0.0,False,data\eu_candidates\cifs\mp-1079630__Ba2TaInO6.cif,True,False,False,False,False,False,False,True,True,Materials Project,True,False,core,True
mp-6289,Ba2Ti(GeO4)2,"Ba,Ge,O,Ti",3.7129,0.0,False,data\eu_candidates\cifs\mp-6289__Ba2Ti_GeO4_2.cif,True,True,False,False,False,False,False,False,False,Materials Project,True,False,core,True
mp-6081,Ba2Ti(SiO4)2,"Ba,O,Si,Ti",3.7274,0.0,False,data\eu_candidates\cifs\mp-6081__Ba2Ti_SiO4_2.cif,True,False,False,False,False,False,False,False,False,Materials Project,True,False,core,True
mp-3397,Ba2TiO4,"Ba,O,Ti",4.144,0.0,False,data\eu_candidates\cifs\mp-3397__Ba2TiO4.cif,True,False,False,False,False,False,False,False,False,Materials Project,True,False,core,True
mp-19474,Ba2V2O7,"Ba,O,V",3.4599,0.0,False,data\eu_candidates\cifs\mp-19474__Ba2V2O7.cif,True,False,False,False,False,False,False,False,False,Materials Project,True,False,core,True
mp-556688,Ba2V2ZnO8,"Ba,O,V,Zn",3.4759,0.0024909946154,False,data\eu_candidates\cifs\mp-556688__Ba2V2ZnO8.cif,True,False,False,False,False,False,False,False,False,Materials Project,True,False,core,True
mp-28403,Ba2WO5,"Ba,O,W",3.1569,0.0,False,data\eu_candidates\cifs\mp-28403__Ba2WO5.cif,True,False,False,False,False,False,False,False,False,Materials Project,True,False,core,True
mp-1205895,Ba2YPaO6,"Ba,O,Pa,Y",3.491999999999999,0.0,False,data\eu_candidates\cifs\mp-1205895__Ba2YPaO6.cif,True,False,True,False,False,False,False,False,True,Materials Project,True,False,core,True
mp-6492,Ba2YSbO6,"Ba,O,Sb,Y",3.5377,0.0,False,data\eu_candidates\cifs\mp-6492__Ba2YSbO6.cif,True,False,True,False,False,False,False,False,True,Materials Project,True,False,core,True
mp-12385,Ba2YTaO6,"Ba,O,Ta,Y",3.463899999999999,0.0,False,data\eu_candidates\cifs\mp-12385__Ba2YTaO6.cif,True,False,True,False,False,False,False,False,True,Materials Project,True,False,core,True
mp-1214954,Ba2YV3O11,"Ba,O,V,Y",3.4645,0.01676704441177,False,data\eu_candidates\cifs\mp-1214954__Ba2YV3O11.cif,True,False,True,False,False,False,False,False,True,Materials Project,True,False,core,True
mp-558680,Ba2Zn(BO2)6,"B,Ba,O,Zn",4.2769,0.00586544196425,False,data\eu_candidates\cifs\mp-558680__Ba2Zn_BO2_6.cif,True,False,False,False,False,False,False,False,False,Materials Project,True,False,core,True
mp-559138,Ba2Zn(BO3)2,"B,Ba,O,Zn",3.332799999999999,0.0,False,data\eu_candidates\cifs\mp-559138__Ba2Zn_BO3_2.cif,True,False,False,False,False,False,False,False,False,Materials Project,True,False,core,True
mp-555980,Ba2Zn3(PO3)10,"Ba,O,P,Zn",4.945,0.006208655611111,False,data\eu_candidates\cifs\mp-555980__Ba2Zn3_PO3_10.cif,True,False,False,False,False,False,False,False,False,Materials Project,True,False,core,True
mp-1190949,Ba2ZnGe2O7,"Ba,Ge,O,Zn",3.1063,0.0,False,data\eu_candidates\cifs\mp-1190949__Ba2ZnGe2O7.cif,True,True,False,False,False,False,False,False,False,Materials Project,True,False,core,True
mp-558629,Ba2ZnSi2O7,"Ba,O,Si,Zn",4.0027,0.0,False,data\eu_candidates\cifs\mp-558629__Ba2ZnSi2O7.cif,True,False,False,False,False,False,False,False,False,Materials Project,True,False,core,True
mp-548615,Ba2ZnWO6,"Ba,O,W,Zn",3.3679,0.0,False,data\eu_candidates\cifs\mp-548615__Ba2ZnWO6.cif,True,False,False,False,False,False,False,False,False,Materials Project,True,False,core,True
mp-1214740,Ba2Zr2(SiO4)3,"Ba,O,Si,Zr",4.2351,0.028410998157898,False,data\eu_candidates\cifs\mp-1214740__Ba2Zr2_SiO4_3.cif,True,False,False,False,False,False,False,False,False,Materials Project,True,False,core,True
mp-769802,Ba2Zr7O16,"Ba,O,Zr",3.7527,0.026829974600001,False,data\eu_candidates\cifs\mp-769802__Ba2Zr7O16.cif,True,False,False,False,False,False,False,False,False,Materials Project,True,False,core,True
mp-1228067,Ba2ZrSnO6,"Ba,O,Sn,Zr",3.6894,0.0,False,data\eu_candidates\cifs\mp-1228067__Ba2ZrSnO6.cif,True,False,False,False,False,False,False,False,False,Materials Project,True,False,core,True
mp-9783,Ba3(AsO4)2,"As,Ba,O",3.906,0.0,False,data\eu_candidates\cifs\mp-9783__Ba3_AsO4_2.cif,True,False,False,False,False,False,False,False,False,Materials Project,True,False,core,True
mp-755417,Ba3(BO3)2,"B,Ba,O",4.4465,0.0,False,data\eu_candidates\cifs\mp-755417__Ba3_BO3_2.cif,True,False,False,False,False,False,False,False,False,Materials Project,True,False,core,True
mp-3857,Ba3(PO4)2,"Ba,O,P",5.1422,0.0,False,data\eu_candidates\cifs\mp-3857__Ba3_PO4_2.cif,True,False,False,False,False,False,False,False,False,Materials Project,True,False,core,True
mp-6578,Ba3B(PO4)3,"B,Ba,O,P",5.050000000000001,0.002143312587722,False,data\eu_candidates\cifs\mp-6578__Ba3B_PO4_3.cif,True,False,False,False,False,False,False,False,False,Materials Project,True,False,core,True
mp-554479,Ba3BPO7,"B,Ba,O,P",3.3373,0.018078683541666,False,data\eu_candidates\cifs\mp-554479__Ba3BPO7.cif,True,False,False,False,False,False,False,False,False,Materials Project,True,False,core,True
mp-554817,Ba3CaSb2O9,"Ba,Ca,O,Sb",3.1711,0.0,False,data\eu_candidates\cifs\mp-554817__Ba3CaSb2O9.cif,True,False,False,False,False,False,False,False,False,Materials Project,True,False,core,True
mp-1228141,Ba3CaTa2O9,"Ba,Ca,O,Ta",3.1979,0.0,False,data\eu_candidates\cifs\mp-1228141__Ba3CaTa2O9.cif,True,False,False,False,False,False,False,False,False,Materials Project,True,False,core,True
mp-1228204,Ba3CaTiWO9,"Ba,Ca,O,Ti,W",3.146,0.016886773333324,False,data\eu_candidates\cifs\mp-1228204__Ba3CaTiWO9.cif,True,False,False,False,False,False,False,False,False,Materials Project,True,False,core,True
mp-1214580,Ba3Cd(SiO4)2,"Ba,Cd,O,Si",3.565699999999999,0.019660572678573,False,data\eu_candidates\cifs\mp-1214580__Ba3Cd_SiO4_2.cif,True,False,False,False,False,False,False,False,False,Materials Project,True,False,core,True
mp-771132,Ba3Ga4O9,"Ba,Ga,O",3.0829,0.0,False,data\eu_candidates\cifs\mp-771132__Ba3Ga4O9.cif,True,False,False,False,False,False,False,False,False,Materials Project,True,False,core,True
mp-1214653,Ba3Gd(BO2)9,"B,Ba,Gd,O",3.6864,0.009811149771515,False,data\eu_candidates\cifs\mp-1214653__Ba3Gd_BO2_9.cif,True,False,False,True,False,False,False,False,True,Materials Project,True,False,core,True
mp-1194165,Ba3Ge2(B3O8)2,"B,Ba,Ge,O",4.1759,0.0,False,data\eu_candidates\cifs\mp-1194165__Ba3Ge2_B3O8_2.cif,True,True,False,False,False,False,False,False,False,Materials Project,True,False,core,True
mp-778602,Ba3GeO5,"Ba,Ge,O",3.2649,0.0,False,data\eu_candidates\cifs\mp-778602__Ba3GeO5.cif,True,True,False,False,False,False,False,False,False,Materials Project,True,False,core,True
mp-754128,Ba3Hf2O7,"Ba,Hf,O",3.5653,0.0,False,data\eu_candidates\cifs\mp-754128__Ba3Hf2O7.cif,True,False,False,False,False,False,False,False,False,Materials Project,True,False,core,True
mp-556038,Ba3In(BO2)9,"B,Ba,In,O",4.7536000000000005,0.008324900524174,False,data\eu_candidates\cifs\mp-556038__Ba3In_BO2_9.cif,True,False,False,False,False,False,False,True,True,Materials Project,True,False,core,True
mp-866313,Ba3In(BO3)3,"B,Ba,In,O",3.493699999999999,0.0,False,data\eu_candidates\cifs\mp-866313__Ba3In_BO3_3.cif,True,False,False,False,False,False,False,True,True,Materials Project,True,False,core,True
mp-1200796,Ba3In2(PO4)4,"Ba,In,O,P",3.7254,0.0,False,data\eu_candidates\cifs\mp-1200796__Ba3In2_PO4_4.cif,True,False,False,False,False,False,False,True,True,Materials Project,True,False,core,True
mp-6446,Ba3La2(BO3)4,"B,Ba,La,O",4.0338,0.01489685404762,False,data\eu_candidates\cifs\mp-6446__Ba3La2_BO3_4.cif,True,False,False,False,True,False,False,False,True,Materials Project,True,False,core,True
mp-561253,Ba3Lu(BO2)9,"B,Ba,Lu,O",5.266500000000001,0.003695342137106,False,data\eu_candidates\cifs\mp-561253__Ba3Lu_BO2_9.cif,True,False,False,False,False,True,False,False,True,Materials Project,True,False,core,True
mp-14386,Ba3Lu(BO3)3,"B,Ba,Lu,O",3.8606,0.0,False,data\eu_candidates\cifs\mp-14386__Ba3Lu_BO3_3.cif,True,False,False,False,False,True,False,False,True,Materials Project,True,False,core,True
mp-542832,Ba3Lu4O9,"Ba,Lu,O",3.1681,0.0,False,data\eu_candidates\cifs\mp-542832__Ba3Lu4O9.cif,True,False,False,False,False,True,False,False,True,Materials Project,True,False,core,True
mp-556703,Ba3Mg(SiO4)2,"Ba,Mg,O,Si",4.6934000000000005,0.018208491011891,False,data\eu_candidates\cifs\mp-556703__Ba3Mg_SiO4_2.cif,True,False,False,False,False,False,False,False,False,Materials Project,True,False,core,True
mp-6325,Ba3MgTa2O9,"Ba,Mg,O,Ta",3.2733,0.0,False,data\eu_candidates\cifs\mp-6325__Ba3MgTa2O9.cif,True,False,False,False,False,False,False,False,False,Materials Project,True,False,core,True
mp-1228118,Ba3MgTiWO9,"Ba,Mg,O,Ti,W",3.0826,0.006125285999993,False,data\eu_candidates\cifs\mp-1228118__Ba3MgTiWO9.cif,True,False,False,False,False,False,False,False,False,Materials Project,True,False,core,True
mp-1195880,Ba3MgV4O14,"Ba,Mg,O,V",3.1827,0.006991752897706,False,data\eu_candidates\cifs\mp-1195880__Ba3MgV4O14.cif,True,False,False,False,False,False,False,False,False,Materials Project,True,False,core,True
mp-1194728,Ba3NaGd3(Si3O10)2,"Ba,Gd,Na,O,Si",3.3773,0.0,False,data\eu_candidates\cifs\mp-1194728__Ba3NaGd3_Si3O10_2.cif,True,False,False,True,False,False,False,False,True,Materials Project,True,False,core,True
mp-8960,Ba3NaNbO6,"Ba,Na,Nb,O",3.0766,0.0,False,data\eu_candidates\cifs\mp-8960__Ba3NaNbO6.cif,True,False,False,False,False,False,False,False,False,Materials Project,True,False,core,True
mp-8961,Ba3NaTaO6,"Ba,Na,O,Ta",3.4044,0.0,False,data\eu_candidates\cifs\mp-8961__Ba3NaTaO6.cif,True,False,False,False,False,False,False,False,False,Materials Project,True,False,core,True
mp-1019523,Ba3NaY3(Si3O10)2,"Ba,Na,O,Si,Y",4.8815,0.0,False,data\eu_candidates\cifs\mp-1019523__Ba3NaY3_Si3O10_2.cif,True,False,True,False,False,False,False,False,True,Materials Project,True,False,core,True
mp-554886,Ba3Nb2(P2O9)2,"Ba,Nb,O,P",3.1376,0.000512441238432,False,data\eu_candidates\cifs\mp-554886__Ba3Nb2_P2O9_2.cif,True,False,False,False,False,False,False,False,False,Materials Project,True,False,core,True
mp-542201,Ba3Nb2O8,"Ba,Nb,O",4.499700000000001,0.0,False,data\eu_candidates\cifs\mp-542201__Ba3Nb2O8.cif,True,False,False,False,False,False,False,False,False,Materials Project,True,False,core,True
mp-12881,Ba3NbGa3(SiO7)2,"Ba,Ga,Nb,O,Si",3.2958,0.0,False,data\eu_candidates\cifs\mp-12881__Ba3NbGa3_SiO7_2.cif,True,False,False,False,False,False,False,False,False,Materials Project,True,False,core,True
mp-30088,Ba3P4O13,"Ba,O,P",5.2043,0.000362066124997,False,data\eu_candidates\cifs\mp-30088__Ba3P4O13.cif,True,False,False,False,False,False,False,False,False,Materials Project,True,False,core,True
mp-557994,Ba3Sc(BO2)9,"B,Ba,O,Sc",5.2938,0.006512873024197,False,data\eu_candidates\cifs\mp-557994__Ba3Sc_BO2_9.cif,True,False,False,False,False,False,True,False,True,Materials Project,True,False,core,True
mp-14972,Ba3Sc(BO3)3,"B,Ba,O,Sc",3.4727,0.0,False,data\eu_candidates\cifs\mp-14972__Ba3Sc_BO3_3.cif,True,False,False,False,False,False,True,False,True,Materials Project,True,False,core,True
mp-1019526,Ba3Si2(B3O8)2,"B,Ba,O,Si",5.4031,0.0,False,data\eu_candidates\cifs\mp-1019526__Ba3Si2_B3O8_2.cif,True,False,False,False,False,False,False,False,False,Materials Project,True,False,core,True
mp-29223,Ba3Si5O13,"Ba,O,Si",4.742100000000001,0.00264376559523,False,data\eu_candidates\cifs\mp-29223__Ba3Si5O13.cif,True,False,False,False,False,False,False,False,False,Materials Project,True,False,core,True
mp-7765,Ba3SiO5,"Ba,O,Si",3.242199999999999,0.004116449722221,False,data\eu_candidates\cifs\mp-7765__Ba3SiO5.cif,True,False,False,False,False,False,False,False,False,Materials Project,True,False,core,True
mp-1228193,Ba3Sr(MoO4)4,"Ba,Mo,O,Sr",3.9819999999999993,0.005773814583333,False,data\eu_candidates\cifs\mp-1228193__Ba3Sr_MoO4_4.cif,True,False,False,False,False,False,False,False,False,Materials Project,True,False,core,True
mp-1228617,Ba3Sr2Ca4Mg3(SiO4)6,"Ba,Ca,Mg,O,Si,Sr",4.8935,0.01399506107143,False,data\eu_candidates\cifs\mp-1228617__Ba3Sr2Ca4Mg3_SiO4_6.cif,True,False,False,False,False,False,False,False,False,Materials Project,True,False,core,True
mp-1228115,Ba3SrCa2(WO6)2,"Ba,Ca,O,Sr,W",3.328,0.012511488999998,False,data\eu_candidates\cifs\mp-1228115__Ba3SrCa2_WO6_2.cif,True,False,False,False,False,False,False,False,False,Materials Project,True,False,core,True
mp-1228059,Ba3SrMg2(Si2O7)2,"Ba,Mg,O,Si,Sr",4.4968,0.002103712083334,False,data\eu_candidates\cifs\mp-1228059__Ba3SrMg2_Si2O7_2.cif,True,False,False,False,False,False,False,False,False,Materials Project,True,False,core,True
mp-540949,Ba3SrNb2O9,"Ba,Nb,O,Sr",3.0998,0.0,False,data\eu_candidates\cifs\mp-540949__Ba3SrNb2O9.cif,True,False,False,False,False,False,False,False,False,Materials Project,True,False,core,True
mp-555078,Ba3SrSb2O9,"Ba,O,Sb,Sr",3.1456,0.0,False,data\eu_candidates\cifs\mp-555078__Ba3SrSb2O9.cif,True,False,False,False,False,False,False,False,False,Materials Project,True,False,core,True
mp-540950,Ba3SrTa2O9,"Ba,O,Sr,Ta",4.0225,0.0,False,data\eu_candidates\cifs\mp-540950__Ba3SrTa2O9.cif,True,False,False,False,False,False,False,False,False,Materials Project,True,False,core,True
mp-1228178,Ba3SrY2(SbO6)2,"Ba,O,Sb,Sr,Y",3.5883000000000003,0.011358673000001,False,data\eu_candidates\cifs\mp-1228178__Ba3SrY2_SbO6_2.cif,True,False,True,False,False,False,False,False,True,Materials Project,True,False,core,True
mp-1228089,Ba3SrZn2(WO6)2,"Ba,O,Sr,W,Zn",3.3892,0.010267436999994,False,data\eu_candidates\cifs\mp-1228089__Ba3SrZn2_WO6_2.cif,True,False,False,False,False,False,False,False,False,Materials Project,True,False,core,True
mp-554669,Ba3Ta2CdO9,"Ba,Cd,O,Ta",3.4856,0.0,False,data\eu_candidates\cifs\mp-554669__Ba3Ta2CdO9.cif,True,False,False,False,False,False,False,False,False,Materials Project,True,False,core,True
mp-1214475,Ba3Ta2ZnO9,"Ba,O,Ta,Zn",3.348799999999999,0.0,False,data\eu_candidates\cifs\mp-1214475__Ba3Ta2ZnO9.cif,True,False,False,False,False,False,False,False,False,Materials Project,True,False,core,True
mp-6169,Ba3Ta6(Si2O13)2,"Ba,O,Si,Ta",3.0288,0.0,False,data\eu_candidates\cifs\mp-6169__Ba3Ta6_Si2O13_2.cif,True,False,False,False,False,False,False,False,False,Materials Project,True,False,core,True
mp-1228063,Ba3TiAl10O20,"Al,Ba,O,Ti",3.2524,0.007033299147058,False,data\eu_candidates\cifs\mp-1228063__Ba3TiAl10O20.cif,True,False,False,False,False,False,False,False,False,Materials Project,True,False,core,True
mp-1228110,Ba3TiZnWO9,"Ba,O,Ti,W,Zn",3.081699999999999,0.004522152666668,False,data\eu_candidates\cifs\mp-1228110__Ba3TiZnWO9.cif,True,False,False,False,False,False,False,False,False,Materials Project,True,False,core,True
mp-19365,Ba3V2O8,"Ba,O,V",3.7465,0.0,False,data\eu_candidates\cifs\mp-19365__Ba3V2O8.cif,True,False,False,False,False,False,False,False,False,Materials Project,True,False,core,True
mp-1195152,Ba3V4ZnO14,"Ba,O,V,Zn",3.052499999999999,0.012404569829555,False,data\eu_candidates\cifs\mp-1195152__Ba3V4ZnO14.cif,True,False,False,False,False,False,False,False,False,Materials Project,True,False,core,True
mp-18867,Ba3W2O9,"Ba,O,W",3.6786,0.00468344446426,False,data\eu_candidates\cifs\mp-18867__Ba3W2O9.cif,True,False,False,False,False,False,False,False,False,Materials Project,True,False,core,True
mp-1228775,Ba3WO6,"Ba,O,W",3.151399999999999,0.0,False,data\eu_candidates\cifs\mp-1228775__Ba3WO6.cif,True,False,False,False,False,False,False,False,False,Materials Project,True,False,core,True
mp-559066,Ba3Y(BO2)9,"B,Ba,O,Y",5.187699999999999,0.007835153696245,False,data\eu_candidates\cifs\mp-559066__Ba3Y_BO2_9.cif,True,False,True,False,False,False,False,False,True,Materials Project,True,False,core,True
mp-6310,Ba3Y(BO3)3,"B,Ba,O,Y",3.815299999999999,0.0,False,data\eu_candidates\cifs\mp-6310__Ba3Y_BO3_3.cif,True,False,True,False,False,False,False,False,True,Materials Project,True,False,core,True
mp-1019527,Ba3Y2(B2O5)3,"B,Ba,O,Y",4.5169,0.0,False,data\eu_candidates\cifs\mp-1019527__Ba3Y2_B2O5_3.cif,True,False,True,False,False,False,False,False,True,Materials Project,True,False,core,True
mp-15751,Ba3Y4O9,"Ba,O,Y",3.3201,0.014391349374999,False,data\eu_candidates\cifs\mp-15751__Ba3Y4O9.cif,True,False,True,False,False,False,False,False,True,Materials Project,True,False,core,True
mp-1019525,Ba3ZnB5PO14,"B,Ba,O,P,Zn",4.8405000000000005,0.0,False,data\eu_candidates\cifs\mp-1019525__Ba3ZnB5PO14.cif,True,False,False,False,False,False,False,False,False,Materials Project,True,False,core,True
mp-560978,Ba4Al2O7,"Al,Ba,O",3.6788,0.0,False,data\eu_candidates\cifs\mp-560978__Ba4Al2O7.cif,True,False,False,False,False,False,False,False,False,Materials Project,True,False,core,True
mp-1228424,Ba4CaZr5O15,"Ba,Ca,O,Zr",3.1377,0.027795549500003,False,data\eu_candidates\cifs\mp-1228424__Ba4CaZr5O15.cif,True,False,False,False,False,False,False,False,False,Materials Project,True,False,core,True
mp-30198,Ba4Ga2O7,"Ba,Ga,O",3.4462,0.0,False,data\eu_candidates\cifs\mp-30198__Ba4Ga2O7.cif,True,False,False,False,False,False,False,False,False,Materials Project,True,False,core,True
mp-2755143,Ba4Hf3O10,"Ba,Hf,O",3.531699999999999,0.0,False,data\eu_candidates\cifs\mp-2755143__Ba4Hf3O10.cif,True,False,False,False,False,False,False,False,False,Materials Project,True,False,core,True
mp-16792,Ba4LiTa3O12,"Ba,Li,O,Ta",3.113299999999999,0.0,False,data\eu_candidates\cifs\mp-16792__Ba4LiTa3O12.cif,True,False,False,False,False,False,False,False,False,Materials Project,True,False,core,True
mp-6575,Ba4Na(BO3)3,"B,Ba,Na,O",3.9753,0.0,False,data\eu_candidates\cifs\mp-6575__Ba4Na_BO3_3.cif,True,False,False,False,False,False,False,False,False,Materials Project,True,False,core,True
mp-1228581,Ba4Na2W2O11,"Ba,Na,O,W",3.6266,0.0,False,data\eu_candidates\cifs\mp-1228581__Ba4Na2W2O11.cif,True,False,False,False,False,False,False,False,False,Materials Project,True,False,core,True
mp-1193166,Ba4Nb2O9,"Ba,Nb,O",3.5089,0.0,False,data\eu_candidates\cifs\mp-1193166__Ba4Nb2O9.cif,True,False,False,False,False,False,False,False,False,Materials Project,True,False,core,True
mp-1228243,Ba4Sr2Y3(SbO6)3,"Ba,O,Sb,Sr,Y",3.9096,0.017231063666661,False,data\eu_candidates\cifs\mp-1228243__Ba4Sr2Y3_SbO6_3.cif,True,False,True,False,False,False,False,False,True,Materials Project,True,False,core,True
mp-1228088,Ba4SrHf5O15,"Ba,Hf,O,Sr",3.592599999999999,0.008037966599999,False,data\eu_candidates\cifs\mp-1228088__Ba4SrHf5O15.cif,True,False,False,False,False,False,False,False,False,Materials Project,True,False,core,True
mp-1196006,Ba4Ta2O9,"Ba,O,Ta",3.9585,0.0,False,data\eu_candidates\cifs\mp-1196006__Ba4Ta2O9.cif,True,False,False,False,False,False,False,False,False,Materials Project,True,False,core,True
mp-1228270,Ba4TiSi12(SnO12)3,"Ba,O,Si,Sn,Ti",3.2599,0.000866192857142,False,data\eu_candidates\cifs\mp-1228270__Ba4TiSi12_SnO12_3.cif,True,False,False,False,False,False,False,False,False,Materials Project,True,False,core,True
mp-3974,Ba5B4O11,"B,Ba,O",3.7594,0.0,False,data\eu_candidates\cifs\mp-3974__Ba5B4O11.cif,True,False,False,False,False,False,False,False,False,Materials Project,True,False,core,True
mp-669333,Ba5Si8O21,"Ba,O,Si",4.3763,0.005006257867643,False,data\eu_candidates\cifs\mp-669333__Ba5Si8O21.cif,True,False,False,False,False,False,False,False,False,Materials Project,True,False,core,True
mp-504554,Ba5Ta4O15,"Ba,O,Ta",3.0865,0.0,False,data\eu_candidates\cifs\mp-504554__Ba5Ta4O15.cif,True,False,False,False,False,False,False,False,False,Materials Project,True,False,core,True
mp-1214479,Ba5Y8Zn4O21,"Ba,O,Y,Zn",3.409499999999999,0.012574262039471,False,data\eu_candidates\cifs\mp-1214479__Ba5Y8Zn4O21.cif,True,False,True,False,False,False,False,False,True,Materials Project,True,False,core,True
mp-1214682,Ba6Gd2Al4O15,"Al,Ba,Gd,O",3.431899999999999,0.0,False,data\eu_candidates\cifs\mp-1214682__Ba6Gd2Al4O15.cif,True,False,False,True,False,False,False,False,True,Materials Project,True,False,core,True
mp-1214608,Ba6Gd2Ga4O15,"Ba,Ga,Gd,O",3.398599999999999,0.0,False,data\eu_candidates\cifs\mp-1214608__Ba6Gd2Ga4O15.cif,True,False,False,True,False,False,False,False,True,Materials Project,True,False,core,True
mp-1228569,Ba6La2Ga4O15,"Ba,Ga,La,O",3.421399999999999,0.013269756913578,False,data\eu_candidates\cifs\mp-1228569__Ba6La2Ga4O15.cif,True,False,False,False,True,False,False,False,True,Materials Project,True,False,core,True
mp-1214530,Ba6Lu2Al4O15,"Al,Ba,Lu,O",3.8537999999999992,0.0,False,data\eu_candidates\cifs\mp-1214530__Ba6Lu2Al4O15.cif,True,False,False,False,False,True,False,False,True,Materials Project,True,False,core,True
mp-1214574,Ba6Lu2Ga4O15,"Ba,Ga,Lu,O",3.4879,0.0,False,data\eu_candidates\cifs\mp-1214574__Ba6Lu2Ga4O15.cif,True,False,False,False,False,True,False,False,True,Materials Project,True,False,core,True
mp-556637,Ba6Na2Nb2P2O17,"Ba,Na,Nb,O,P",3.0126,0.0,False,data\eu_candidates\cifs\mp-556637__Ba6Na2Nb2P2O17.cif,True,False,False,False,False,False,False,False,False,Materials Project,True,False,core,True
mp-560889,Ba6Na2Si4O15,"Ba,Na,O,Si",4.4294,0.0,False,data\eu_candidates\cifs\mp-560889__Ba6Na2Si4O15.cif,True,False,False,False,False,False,False,False,False,Materials Project,True,False,core,True
mp-1214664,Ba6Na2Ta2V2O17,"Ba,Na,O,Ta,V",3.053899999999999,0.0,False,data\eu_candidates\cifs\mp-1214664__Ba6Na2Ta2V2O17.cif,True,False,False,False,False,False,False,False,False,Materials Project,True,False,core,True
mp-1214658,Ba6Na2V2Sb2O17,"Ba,Na,O,Sb,V",3.216299999999999,0.0,False,data\eu_candidates\cifs\mp-1214658__Ba6Na2V2Sb2O17.cif,True,False,False,False,False,False,False,False,False,Materials Project,True,False,core,True
mp-1214519,Ba6Y2Al4O15,"Al,Ba,O,Y",3.9211,0.0,False,data\eu_candidates\cifs\mp-1214519__Ba6Y2Al4O15.cif,True,False,True,False,False,False,False,False,True,Materials Project,True,False,core,True
mp-1214542,Ba6Y2Ga4O15,"Ba,Ga,O,Y",3.6041,0.0,False,data\eu_candidates\cifs\mp-1214542__Ba6Y2Ga4O15.cif,True,False,True,False,False,False,False,False,True,Materials Project,True,False,core,True
mp-667379,Ba7Al64O103,"Al,Ba,O",4.252400000000001,0.0,False,data\eu_candidates\cifs\mp-667379__Ba7Al64O103.cif,True,False,False,False,False,False,False,False,False,Materials Project,True,False,core,True
mp-1019529,Ba8Al10B12O41,"Al,B,Ba,O",4.4373000000000005,0.0,False,data\eu_candidates\cifs\mp-1019529__Ba8Al10B12O41.cif,True,False,False,False,False,False,False,False,False,Materials Project,True,False,core,True
mp-1228515,Ba8Sr3Ca(WO6)4,"Ba,Ca,O,Sr,W",3.434,0.004121628999999,False,data\eu_candidates\cifs\mp-1228515__Ba8Sr3Ca_WO6_4.cif,True,False,False,False,False,False,False,False,False,Materials Project,True,False,core,True
mp-1228251,Ba8SrCa3(WO6)4,"Ba,Ca,O,Sr,W",3.366199999999999,0.003913418999998,False,data\eu_candidates\cifs\mp-1228251__Ba8SrCa3_WO6_4.cif,True,False,False,False,False,False,False,False,False,Materials Project,True,False,core,True
mp-667372,Ba8Zr3(SbO6)4,"Ba,O,Sb,Zr",3.0097,0.0,False,data\eu_candidates\cifs\mp-667372__Ba8Zr3_SbO6_4.cif,True,False,False,False,False,False,False,False,False,Materials Project,True,False,core,True
mp-558428,Ba9Sc2(SiO4)6,"Ba,O,Sc,Si",4.3422,0.006846130518278,False,data\eu_candidates\cifs\mp-558428__Ba9Sc2_SiO4_6.cif,True,False,False,False,False,False,True,False,True,Materials Project,True,False,core,True
mp-1019533,Ba9Y2(SiO4)6,"Ba,O,Si,Y",4.5982,0.005350299786582,False,data\eu_candidates\cifs\mp-1019533__Ba9Y2_SiO4_6.cif,True,False,True,False,False,False,False,False,True,Materials Project,True,False,core,True
mp-10070,BaAg(PO3)3,"Ag,Ba,O,P",3.243999999999999,0.0,False,data\eu_candidates\cifs\mp-10070__BaAg_PO3_3.cif,True,False,False,False,False,False,False,False,False,Materials Project,True,False,core,True
mp-556178,BaAl2(GeO4)2,"Al,Ba,Ge,O",4.0798,0.0,False,data\eu_candidates\cifs\mp-556178__BaAl2_GeO4_2.cif,True,True,False,False,False,False,False,False,False,Materials Project,True,False,core,True
mp-6091,BaAl2(SiO4)2,"Al,Ba,O,Si",4.819699999999999,0.0,False,data\eu_candidates\cifs\mp-6091__BaAl2_SiO4_2.cif,True,False,False,False,False,False,False,False,False,Materials Project,True,False,core,True
mp-9844,BaAl2B2O7,"Al,B,Ba,O",4.6477,0.0,False,data\eu_candidates\cifs\mp-9844__BaAl2B2O7.cif,True,False,False,False,False,False,False,False,False,Materials Project,True,False,core,True
mp-4202,BaAl2O4,"Al,Ba,O",4.1027,0.0,False,data\eu_candidates\cifs\mp-4202__BaAl2O4.cif,True,False,False,False,False,False,False,False,False,Materials Project,True,False,core,True
mp-12885,BaAl2Sb2O7,"Al,Ba,O,Sb",3.4109,0.0,False,data\eu_candidates\cifs\mp-12885__BaAl2Sb2O7.cif,True,False,False,False,False,False,False,False,False,Materials Project,True,False,core,True
mp-1196877,BaAl4(SbO6)2,"Al,Ba,O,Sb",3.249899999999999,0.0,False,data\eu_candidates\cifs\mp-1196877__BaAl4_SbO6_2.cif,True,False,False,False,False,False,False,False,False,Materials Project,True,False,core,True
mp-1019534,BaAl4O7,"Al,Ba,O",3.6891,0.000832570741667,False,data\eu_candidates\cifs\mp-1019534__BaAl4O7.cif,True,False,False,False,False,False,False,False,False,Materials Project,True,False,core,True
mp-1227987,BaAlGaO4,"Al,Ba,Ga,O",3.350099999999999,0.015078975892857,False,data\eu_candidates\cifs\mp-1227987__BaAlGaO4.cif,True,False,False,False,False,False,False,False,False,Materials Project,True,False,core,True
mp-1195214,BaB4(SbO6)2,"B,Ba,O,Sb",3.3759,0.0,False,data\eu_candidates\cifs\mp-1195214__BaB4_SbO6_2.cif,True,False,False,False,False,False,False,False,False,Materials Project,True,False,core,True
mp-27692,BaB4O7,"B,Ba,O",5.3277,0.0,False,data\eu_candidates\cifs\mp-27692__BaB4O7.cif,True,False,False,False,False,False,False,False,False,Materials Project,True,False,core,True
mp-27794,BaB8O13,"B,Ba,O",5.7813,0.0,False,data\eu_candidates\cifs\mp-27794__BaB8O13.cif,True,False,False,False,False,False,False,False,False,Materials Project,True,False,core,True
mp-9784,BaBAsO5,"As,B,Ba,O",3.543599999999999,0.0,False,data\eu_candidates\cifs\mp-9784__BaBAsO5.cif,True,False,False,False,False,False,False,False,False,Materials Project,True,False,core,True
mp-6040,BaBPO5,"B,Ba,O,P",5.495,0.0,False,data\eu_candidates\cifs\mp-6040__BaBPO5.cif,True,False,False,False,False,False,False,False,False,Materials Project,True,False,core,True
mp-555070,BaBe2(BO3)2,"B,Ba,Be,O",5.3821,0.0,False,data\eu_candidates\cifs\mp-555070__BaBe2_BO3_2.cif,True,False,False,False,False,False,False,False,False,Materials Project,True,False,core,True
mp-1227988,BaBe2(PO4)2,"Ba,Be,O,P",5.1229,0.0,False,data\eu_candidates\cifs\mp-1227988__BaBe2_PO4_2.cif,True,False,False,False,False,False,False,False,False,Materials Project,True,False,core,True
mp-12797,BaBe2Si2O7,"Ba,Be,O,Si",5.5695,0.0,False,data\eu_candidates\cifs\mp-12797__BaBe2Si2O7.cif,True,False,False,False,False,False,False,False,False,Materials Project,True,False,core,True
mp-550751,BaBeSiO4,"Ba,Be,O,Si",4.6114,0.0,False,data\eu_candidates\cifs\mp-550751__BaBeSiO4.cif,True,False,False,False,False,False,False,False,False,Materials Project,True,False,core,True
mp-561446,BaCa(GaO2)4,"Ba,Ca,Ga,O",3.0678,0.0,False,data\eu_candidates\cifs\mp-561446__BaCa_GaO2_4.cif,True,False,False,False,False,False,False,False,False,Materials Project,True,False,core,True
mp-556122,BaCa(PO3)4,"Ba,Ca,O,P",5.7286,0.0,False,data\eu_candidates\cifs\mp-556122__BaCa_PO3_4.cif,True,False,False,False,False,False,False,False,False,Materials Project,True,False,core,True
mp-18216,BaCa2(SiO3)3,"Ba,Ca,O,Si",4.5847,0.005551237555542,False,data\eu_candidates\cifs\mp-18216__BaCa2_SiO3_3.cif,True,False,False,False,False,False,False,False,False,Materials Project,True,False,core,True
mp-1103554,BaCa2Mg(SiO4)2,"Ba,Ca,Mg,O,Si",4.9651,0.014987973392859,False,data\eu_candidates\cifs\mp-1103554__BaCa2Mg_SiO4_2.cif,True,False,False,False,False,False,False,False,False,Materials Project,True,False,core,True
mp-1229190,BaCa3Zr16(PO4)24,"Ba,Ca,O,P,Zr",4.178100000000001,0.00421474635711,False,data\eu_candidates\cifs\mp-1229190__BaCa3Zr16_PO4_24.cif,True,False,False,False,False,False,False,False,False,Materials Project,True,False,core,True
mp-1019542,BaCaB2O5,"B,Ba,Ca,O",4.4673,0.0,False,data\eu_candidates\cifs\mp-1019542__BaCaB2O5.cif,True,False,False,False,False,False,False,False,False,Materials Project,True,False,core,True
mp-1019543,BaCaP2O7,"Ba,Ca,O,P",5.525,0.002305282386384,False,data\eu_candidates\cifs\mp-1019543__BaCaP2O7.cif,True,False,False,False,False,False,False,False,False,Materials Project,True,False,core,True
mp-19484,BaCaV2O7,"Ba,Ca,O,V",3.2741,9.02335227301876e-05,False,data\eu_candidates\cifs\mp-19484__BaCaV2O7.cif,True,False,False,False,False,False,False,False,False,Materials Project,True,False,core,True
mp-1228692,BaCaZr8(PO4)12,"Ba,Ca,O,P,Zr",4.215,0.002976547857112,False,data\eu_candidates\cifs\mp-1228692__BaCaZr8_PO4_12.cif,True,False,False,False,False,False,False,False,False,Materials Project,True,False,core,True
mp-540736,BaCd(PO3)4,"Ba,Cd,O,P",4.5835,0.0,False,data\eu_candidates\cifs\mp-540736__BaCd_PO3_4.cif,True,False,False,False,False,False,False,False,False,Materials Project,True,False,core,True
mp-6695,BaCdP2O7,"Ba,Cd,O,P",3.5826,0.0,False,data\eu_candidates\cifs\mp-6695__BaCdP2O7.cif,True,False,False,False,False,False,False,False,False,Materials Project,True,False,core,True
mp-540585,BaGa2(GeO4)2,"Ba,Ga,Ge,O",3.246499999999999,0.0,False,data\eu_candidates\cifs\mp-540585__BaGa2_GeO4_2.cif,True,True,False,False,False,False,False,False,False,Materials Project,True,False,core,True
mp-6759,BaGa2(SiO4)2,"Ba,Ga,O,Si",4.1576,0.0,False,data\eu_candidates\cifs\mp-6759__BaGa2_SiO4_2.cif,True,False,False,False,False,False,False,False,False,Materials Project,True,False,core,True
mp-560870,BaGa2B2O7,"B,Ba,Ga,O",3.984199999999999,0.0,False,data\eu_candidates\cifs\mp-560870__BaGa2B2O7.cif,True,False,False,False,False,False,False,False,False,Materials Project,True,False,core,True
mp-1095485,BaGe(PO4)2,"Ba,Ge,O,P",4.1615,0.0,False,data\eu_candidates\cifs\mp-1095485__BaGe_PO4_2.cif,True,True,False,False,False,False,False,False,False,Materials Project,True,False,core,True
mp-3848,BaGe4O9,"Ba,Ge,O",3.0551,0.0,False,data\eu_candidates\cifs\mp-3848__BaGe4O9.cif,True,True,False,False,False,False,False,False,False,Materials Project,True,False,core,True
mp-13863,BaGeO3,"Ba,Ge,O",3.5519,0.0,False,data\eu_candidates\cifs\mp-13863__BaGeO3.cif,True,True,False,False,False,False,False,False,False,Materials Project,True,False,core,True
mp-1105495,BaHf(BO3)2,"B,Ba,Hf,O",4.7103,0.0,False,data\eu_candidates\cifs\mp-1105495__BaHf_BO3_2.cif,True,False,False,False,False,False,False,False,False,Materials Project,True,False,core,True
mp-545548,BaHf(PO4)2,"Ba,Hf,O,P",4.9273,0.0,False,data\eu_candidates\cifs\mp-545548__BaHf_PO4_2.cif,True,False,False,False,False,False,False,False,False,Materials Project,True,False,core,True
mp-1194160,BaHf(SiO3)3,"Ba,Hf,O,Si",4.6887,0.0,False,data\eu_candidates\cifs\mp-1194160__BaHf_SiO3_3.cif,True,False,False,False,False,False,False,False,False,Materials Project,True,False,core,True
mp-998552,BaHfO3,"Ba,Hf,O",3.5394,0.0,False,data\eu_candidates\cifs\mp-998552__BaHfO3.cif,True,False,False,False,False,False,False,False,False,Materials Project,True,False,core,True
mp-1205018,BaIn2(P2O7)2,"Ba,In,O,P",4.004799999999999,0.0,False,data\eu_candidates\cifs\mp-1205018__BaIn2_P2O7_2.cif,True,False,False,False,False,False,False,True,True,Materials Project,True,False,core,True
mp-18414,BaLa2BeO5,"Ba,Be,La,O",3.887,0.00682040750001,False,data\eu_candidates\cifs\mp-18414__BaLa2BeO5.cif,True,False,False,False,True,False,False,False,True,Materials Project,True,False,core,True
mp-752656,BaLa2O4,"Ba,La,O",3.1295,0.0,False,data\eu_candidates\cifs\mp-752656__BaLa2O4.cif,True,False,False,False,True,False,False,False,True,Materials Project,True,False,core,True
mp-1197417,BaLa2Sc2O7,"Ba,La,O,Sc",3.6458,0.0,False,data\eu_candidates\cifs\mp-1197417__BaLa2Sc2O7.cif,True,False,False,False,True,False,True,False,True,Materials Project,True,False,core,True
mp-1203123,BaLa2WO7,"Ba,La,O,W",3.3342,0.0,False,data\eu_candidates\cifs\mp-1203123__BaLa2WO7.cif,True,False,False,False,True,False,False,False,True,Materials Project,True,False,core,True
mp-16934,BaLaAlO4,"Al,Ba,La,O",4.4355,0.010200409107143,False,data\eu_candidates\cifs\mp-16934__BaLaAlO4.cif,True,False,False,False,True,False,False,False,True,Materials Project,True,False,core,True
mp-541280,BaLaGaO4,"Ba,Ga,La,O",3.9478,0.010922962767843,False,data\eu_candidates\cifs\mp-541280__BaLaGaO4.cif,True,False,False,False,True,False,False,False,True,Materials Project,True,False,core,True
mp-17672,BaLi(B3O5)3,"B,Ba,Li,O",5.7835,0.0,False,data\eu_candidates\cifs\mp-17672__BaLi_B3O5_3.cif,True,False,False,False,False,False,False,False,False,Materials Project,True,False,core,True
mp-1019547,BaLi2Mg(PO4)2,"Ba,Li,Mg,O,P",5.638199999999999,0.008847377321435,False,data\eu_candidates\cifs\mp-1019547__BaLi2Mg_PO4_2.cif,True,False,False,False,False,False,False,False,False,Materials Project,True,False,core,True
mp-6175,BaLi2P2O7,"Ba,Li,O,P",5.3686,0.002068839999993,False,data\eu_candidates\cifs\mp-6175__BaLi2P2O7.cif,True,False,False,False,False,False,False,False,False,Materials Project,True,False,core,True
mp-558310,BaLi2SiO4,"Ba,Li,O,Si",4.3955,0.0,False,data\eu_candidates\cifs\mp-558310__BaLi2SiO4.cif,True,False,False,False,False,False,False,False,False,Materials Project,True,False,core,True
mp-6499,BaLiBO3,"B,Ba,Li,O",4.489000000000001,0.0,False,data\eu_candidates\cifs\mp-6499__BaLiBO3.cif,True,False,False,False,False,False,False,False,False,Materials Project,True,False,core,True
mp-752442,BaLu2O4,"Ba,Lu,O",3.2577,0.005257977321427,False,data\eu_candidates\cifs\mp-752442__BaLu2O4.cif,True,False,False,False,False,True,False,False,True,Materials Project,True,False,core,True
mp-1194557,BaLu2Si3O10,"Ba,Lu,O,Si",4.830500000000001,0.0,False,data\eu_candidates\cifs\mp-1194557__BaLu2Si3O10.cif,True,False,False,False,False,True,False,False,True,Materials Project,True,False,core,True
mp-694056,BaMg2Al6(Si3O10)3,"Al,Ba,Mg,O,Si",3.8662,0.028005826944445,False,data\eu_candidates\cifs\mp-694056__BaMg2Al6_Si3O10_3.cif,True,False,False,False,False,False,False,False,False,Materials Project,True,False,core,True
mp-1019549,BaMg2Si2O7,"Ba,Mg,O,Si",4.558,0.0,False,data\eu_candidates\cifs\mp-1019549__BaMg2Si2O7.cif,True,False,False,False,False,False,False,False,False,Materials Project,True,False,core,True
mp-19084,BaMg2V2O8,"Ba,Mg,O,V",3.5789,0.0,False,data\eu_candidates\cifs\mp-19084__BaMg2V2O8.cif,True,False,False,False,False,False,False,False,False,Materials Project,True,False,core,True
mp-18343,BaMgP2O7,"Ba,Mg,O,P",5.5594,0.0,False,data\eu_candidates\cifs\mp-18343__BaMgP2O7.cif,True,False,False,False,False,False,False,False,False,Materials Project,True,False,core,True
mp-560186,BaMgSiO4,"Ba,Mg,O,Si",4.1136,0.016950204047614,False,data\eu_candidates\cifs\mp-560186__BaMgSiO4.cif,True,False,False,False,False,False,False,False,False,Materials Project,True,False,core,True
mp-1227934,BaMgV2ZnO8,"Ba,Mg,O,V,Zn",3.175,0.007319765721155,False,data\eu_candidates\cifs\mp-1227934__BaMgV2ZnO8.cif,True,False,False,False,False,False,False,False,False,Materials Project,True,False,core,True
mp-16802,BaMo2(P2O7)2,"Ba,Mo,O,P",3.9317,0.0,False,data\eu_candidates\cifs\mp-16802__BaMo2_P2O7_2.cif,True,False,False,False,False,False,False,False,False,Materials Project,True,False,core,True
mp-555338,BaMo2(PO6)2,"Ba,Mo,O,P",3.0078,0.0,False,data\eu_candidates\cifs\mp-555338__BaMo2_PO6_2.cif,True,False,False,False,False,False,False,False,False,Materials Project,True,False,core,True
mp-19276,BaMoO4,"Ba,Mo,O",3.7927,0.0,False,data\eu_candidates\cifs\mp-19276__BaMoO4.cif,True,False,False,False,False,False,False,False,False,Materials Project,True,False,core,True
mp-17864,BaNa(B3O5)3,"B,Ba,Na,O",5.6048,0.0,False,data\eu_candidates\cifs\mp-17864__BaNa_B3O5_3.cif,True,False,False,False,False,False,False,False,False,Materials Project,True,False,core,True
mp-13755,BaNa(PO3)3,"Ba,Na,O,P",5.6086,0.0,False,data\eu_candidates\cifs\mp-13755__BaNa_PO3_3.cif,True,False,False,False,False,False,False,False,False,Materials Project,True,False,core,True
mp-1215058,BaNa2(Ge4O9)2,"Ba,Ge,Na,O",3.0309,0.014673297643684,False,data\eu_candidates\cifs\mp-1215058__BaNa2_Ge4O9_2.cif,True,True,False,False,False,False,False,False,False,Materials Project,True,False,core,True
mp-556806,BaNa2(SiO3)2,"Ba,Na,O,Si",4.1731,0.014120158636361,False,data\eu_candidates\cifs\mp-556806__BaNa2_SiO3_2.cif,True,False,False,False,False,False,False,False,False,Materials Project,True,False,core,True
mp-6875,BaNa2Al4(SiO4)4,"Al,Ba,Na,O,Si",4.7346,0.0,False,data\eu_candidates\cifs\mp-6875__BaNa2Al4_SiO4_4.cif,True,False,False,False,False,False,False,False,False,Materials Project,True,False,core,True
mp-861906,BaNa2Mg(PO4)2,"Ba,Mg,Na,O,P",5.0412,0.0,False,data\eu_candidates\cifs\mp-861906__BaNa2Mg_PO4_2.cif,True,False,False,False,False,False,False,False,False,Materials Project,True,False,core,True
mp-561352,BaNa2Ti2(Si2O7)2,"Ba,Na,O,Si,Ti",3.3673,0.013890308478247,False,data\eu_candidates\cifs\mp-561352__BaNa2Ti2_Si2O7_2.cif,True,False,False,False,False,False,False,False,False,Materials Project,True,False,core,True
mp-1228057,BaNa4Ti2Si10(BO15)2,"B,Ba,Na,O,Si,Ti",3.4488,0.0,False,data\eu_candidates\cifs\mp-1228057__BaNa4Ti2Si10_BO15_2.cif,True,False,False,False,False,False,False,False,False,Materials Project,True,False,core,True
mp-1019554,BaNaB5O9,"B,Ba,Na,O",5.1816,0.0,False,data\eu_candidates\cifs\mp-1019554__BaNaB5O9.cif,True,False,False,False,False,False,False,False,False,Materials Project,True,False,core,True
mp-6660,BaNaBO3,"B,Ba,Na,O",3.6487,0.0,False,data\eu_candidates\cifs\mp-6660__BaNaBO3.cif,True,False,False,False,False,False,False,False,False,Materials Project,True,False,core,True
mp-677179,BaNaIn2(PO4)3,"Ba,In,Na,O,P",3.4793,0.017595419210516,False,data\eu_candidates\cifs\mp-677179__BaNaIn2_PO4_3.cif,True,False,False,False,False,False,False,True,True,Materials Project,True,False,core,True
mp-1019555,BaNaLi3(BO2)6,"B,Ba,Li,Na,O",5.3099,0.0,False,data\eu_candidates\cifs\mp-1019555__BaNaLi3_BO2_6.cif,True,False,False,False,False,False,False,False,False,Materials Project,True,False,core,True
mp-1227883,BaNaPO4,"Ba,Na,O,P",4.6009,0.0,False,data\eu_candidates\cifs\mp-1227883__BaNaPO4.cif,True,False,False,False,False,False,False,False,False,Materials Project,True,False,core,True
mp-1182298,BaNaSc(BO3)2,"B,Ba,Na,O,Sc",3.8127999999999993,0.0,False,data\eu_candidates\cifs\mp-1182298__BaNaSc_BO3_2.cif,True,False,False,False,False,False,True,False,True,Materials Project,True,False,core,True
mp-866298,BaNaScSi2O7,"Ba,Na,O,Sc,Si",4.5947,0.003916913411448,False,data\eu_candidates\cifs\mp-866298__BaNaScSi2O7.cif,True,False,False,False,False,False,True,False,True,Materials Project,True,False,core,True
mp-1182342,BaNaY(BO3)2,"B,Ba,Na,O,Y",3.335,0.006637477121206,False,data\eu_candidates\cifs\mp-1182342__BaNaY_BO3_2.cif,True,False,True,False,False,False,False,False,True,Materials Project,True,False,core,True
mp-2032699,BaNb2O6,"Ba,Nb,O",3.016,0.0,False,data\eu_candidates\cifs\mp-2032699__BaNb2O6.cif,True,False,False,False,False,False,False,False,False,Materials Project,True,False,core,True
mp-779518,BaP4O11,"Ba,O,P",5.3808,0.0,False,data\eu_candidates\cifs\mp-779518__BaP4O11.cif,True,False,False,False,False,False,False,False,False,Materials Project,True,False,core,True
mp-3564,BaSc2O4,"Ba,O,Sc",3.9283,0.0,False,data\eu_candidates\cifs\mp-3564__BaSc2O4.cif,True,False,False,False,False,False,True,False,True,Materials Project,True,False,core,True
mp-1194834,BaSc2Si3O10,"Ba,O,Sc,Si",4.758,0.0,False,data\eu_candidates\cifs\mp-1194834__BaSc2Si3O10.cif,True,False,False,False,False,False,True,False,True,Materials Project,True,False,core,True
mp-555387,BaSi2(BO4)2,"B,Ba,O,Si",5.5233,0.0,False,data\eu_candidates\cifs\mp-555387__BaSi2_BO4_2.cif,True,False,False,False,False,False,False,False,False,Materials Project,True,False,core,True
mp-3031,BaSi2O5,"Ba,O,Si",4.7582,0.0,False,data\eu_candidates\cifs\mp-3031__BaSi2O5.cif,True,False,False,False,False,False,False,False,False,Materials Project,True,False,core,True
mp-18502,BaSi3SnO9,"Ba,O,Si,Sn",3.7306,0.0,False,data\eu_candidates\cifs\mp-18502__BaSi3SnO9.cif,True,False,False,False,False,False,False,False,False,Materials Project,True,False,core,True
mp-776084,BaSiO3,"Ba,O,Si",4.6708,0.0,False,data\eu_candidates\cifs\mp-776084__BaSiO3.cif,True,False,False,False,False,False,False,False,False,Materials Project,True,False,core,True
mp-1102308,BaSn(PO4)2,"Ba,O,P,Sn",3.703499999999999,0.0,False,data\eu_candidates\cifs\mp-1102308__BaSn_PO4_2.cif,True,False,False,False,False,False,False,False,False,Materials Project,True,False,core,True
mp-1227768,BaSr2(PO4)2,"Ba,O,P,Sr",5.3078,0.014346982564061,False,data\eu_candidates\cifs\mp-1227768__BaSr2_PO4_2.cif,True,False,False,False,False,False,False,False,False,Materials Project,True,False,core,True
mp-1019558,BaSr2Mg(SiO4)2,"Ba,Mg,O,Si,Sr",4.759,0.0,False,data\eu_candidates\cifs\mp-1019558__BaSr2Mg_SiO4_2.cif,True,False,False,False,False,False,False,False,False,Materials Project,True,False,core,True
mp-1227775,BaSr3Zr4O12,"Ba,O,Sr,Zr",3.4848,0.009410113124996,False,data\eu_candidates\cifs\mp-1227775__BaSr3Zr4O12.cif,True,False,False,False,False,False,False,False,False,Materials Project,True,False,core,True
mp-1227705,BaSrCaMg(SiO4)2,"Ba,Ca,Mg,O,Si,Sr",4.7476,0.021568304910715,False,data\eu_candidates\cifs\mp-1227705__BaSrCaMg_SiO4_2.cif,True,False,False,False,False,False,False,False,False,Materials Project,True,False,core,True
mp-1227701,BaSrCaWO6,"Ba,Ca,O,Sr,W",3.404999999999999,0.014143583,False,data\eu_candidates\cifs\mp-1227701__BaSrCaWO6.cif,True,False,False,False,False,False,False,False,False,Materials Project,True,False,core,True
mp-1228688,BaSrGd4O8,"Ba,Gd,O,Sr",3.0431,0.010817031250001,False,data\eu_candidates\cifs\mp-1228688__BaSrGd4O8.cif,True,False,False,True,False,False,False,False,True,Materials Project,True,False,core,True
mp-1523308,BaSrGdSbO6,"Ba,Gd,O,Sb,Sr",3.4364,0.004762459874999,False,data\eu_candidates\cifs\mp-1523308__BaSrGdSbO6.cif,True,False,False,True,False,False,False,False,True,Materials Project,True,False,core,True
mp-1227645,BaSrHf2O6,"Ba,Hf,O,Sr",3.748199999999999,0.015406673500001,False,data\eu_candidates\cifs\mp-1227645__BaSrHf2O6.cif,True,False,False,False,False,False,False,False,False,Materials Project,True,False,core,True
mp-1520657,BaSrHfSnO6,"Ba,Hf,O,Sn,Sr",3.7375,0.009643751749999,False,data\eu_candidates\cifs\mp-1520657__BaSrHfSnO6.cif,True,False,False,False,False,False,False,False,False,Materials Project,True,False,core,True
mp-1520590,BaSrHfZrO6,"Ba,Hf,O,Sr,Zr",3.533,0.013847056999999,False,data\eu_candidates\cifs\mp-1520590__BaSrHfZrO6.cif,True,False,False,False,False,False,False,False,False,Materials Project,True,False,core,True
mp-1518099,BaSrLaSbO6,"Ba,La,O,Sb,Sr",3.688399999999999,0.013128400499999,False,data\eu_candidates\cifs\mp-1518099__BaSrLaSbO6.cif,True,False,False,False,True,False,False,False,True,Materials Project,True,False,core,True
mp-1227482,BaSrMgSi2O7,"Ba,Mg,O,Si,Sr",4.522600000000001,0.00182677,False,data\eu_candidates\cifs\mp-1227482__BaSrMgSi2O7.cif,True,False,False,False,False,False,False,False,False,Materials Project,True,False,core,True
mp-1227368,BaSrMgWO6,"Ba,Mg,O,Sr,W",3.2391,0.011706230000005,False,data\eu_candidates\cifs\mp-1227368__BaSrMgWO6.cif,True,False,False,False,False,False,False,False,False,Materials Project,True,False,core,True
mp-1516590,BaSrNbInO6,"Ba,In,Nb,O,Sr",3.3943,0.027521779750001,False,data\eu_candidates\cifs\mp-1516590__BaSrNbInO6.cif,True,False,False,False,False,False,False,True,True,Materials Project,True,False,core,True
mp-1227529,BaSrY4O8,"Ba,O,Sr,Y",3.719299999999999,0.005620707767858,False,data\eu_candidates\cifs\mp-1227529__BaSrY4O8.cif,True,False,True,False,False,False,False,False,True,Materials Project,True,False,core,True
mp-1519152,BaSrYNbO6,"Ba,Nb,O,Sr,Y",3.0516,0.01450205,False,data\eu_candidates\cifs\mp-1519152__BaSrYNbO6.cif,True,False,True,False,False,False,False,False,True,Materials Project,True,False,core,True
mp-1521613,BaSrYSbO6,"Ba,O,Sb,Sr,Y",3.4776,0.01623356875,False,data\eu_candidates\cifs\mp-1521613__BaSrYSbO6.cif,True,False,True,False,False,False,False,False,True,Materials Project,True,False,core,True
mp-1227377,BaSrZnWO6,"Ba,O,Sr,W,Zn",3.3966,0.019826626000001,False,data\eu_candidates\cifs\mp-1227377__BaSrZnWO6.cif,True,False,False,False,False,False,False,False,False,Materials Project,True,False,core,True
mp-1521140,BaSrZr2O6,"Ba,O,Sr,Zr",3.123,0.027815637749998,False,data\eu_candidates\cifs\mp-1521140__BaSrZr2O6.cif,True,False,False,False,False,False,False,False,False,Materials Project,True,False,core,True
mp-1516294,BaSrZrSnO6,"Ba,O,Sn,Sr,Zr",3.9199,0.016180359249996,False,data\eu_candidates\cifs\mp-1516294__BaSrZrSnO6.cif,True,False,False,False,False,False,False,False,False,Materials Project,True,False,core,True
mp-769399,BaTa4O11,"Ba,O,Ta",3.4836,0.006318566927083,False,data\eu_candidates\cifs\mp-769399__BaTa4O11.cif,True,False,False,False,False,False,False,False,False,Materials Project,True,False,core,True
mp-1192105,BaTh(PO4)2,"Ba,O,P,Th",5.0577,0.0,False,data\eu_candidates\cifs\mp-1192105__BaTh_PO4_2.cif,True,False,False,False,False,False,False,False,False,Materials Project,True,False,core,True
mp-1189614,BaThO3,"Ba,O,Th",4.047,0.0,False,data\eu_candidates\cifs\mp-1189614__BaThO3.cif,True,False,False,False,False,False,False,False,False,Materials Project,True,False,core,True
mp-6661,BaTi(SiO3)3,"Ba,O,Si,Ti",3.0661,0.0,False,data\eu_candidates\cifs\mp-6661__BaTi_SiO3_3.cif,True,False,False,False,False,False,False,False,False,Materials Project,True,False,core,True
mp-1214441,BaTl(PO3)3,"Ba,O,P,Tl",4.8597,0.00234526517857,False,data\eu_candidates\cifs\mp-1214441__BaTl_PO3_3.cif,True,False,False,False,False,False,False,False,False,Materials Project,True,False,core,True
mp-541006,BaTlVO4,"Ba,O,Tl,V",3.5439,0.0,False,data\eu_candidates\cifs\mp-541006__BaTlVO4.cif,True,False,False,False,False,False,False,False,False,Materials Project,True,False,core,True
mp-22822,BaV2CdO7,"Ba,Cd,O,V",3.1179,0.008811633068217,False,data\eu_candidates\cifs\mp-22822__BaV2CdO7.cif,True,False,False,False,False,False,False,False,False,Materials Project,True,False,core,True
mp-560496,BaV2ZnO7,"Ba,O,V,Zn",3.0584,0.009739842613645,False,data\eu_candidates\cifs\mp-560496__BaV2ZnO7.cif,True,False,False,False,False,False,False,False,False,Materials Project,True,False,core,True
mp-19048,BaWO4,"Ba,O,W",4.8822,0.0,False,data\eu_candidates\cifs\mp-19048__BaWO4.cif,True,False,False,False,False,False,False,False,False,Materials Project,True,False,core,True
mp-3952,BaY2O4,"Ba,O,Y",3.2515,0.0,False,data\eu_candidates\cifs\mp-3952__BaY2O4.cif,True,False,True,False,False,False,False,False,True,Materials Project,True,False,core,True
mp-560478,BaY2Si3O10,"Ba,O,Si,Y",4.8161000000000005,0.0,False,data\eu_candidates\cifs\mp-560478__BaY2Si3O10.cif,True,False,True,False,False,False,False,False,True,Materials Project,True,False,core,True
mp-6121,BaY2ZnO5,"Ba,O,Y,Zn",3.0989,0.021570728101845,False,data\eu_candidates\cifs\mp-6121__BaY2ZnO5.cif,True,False,True,False,False,False,False,False,True,Materials Project,True,False,core,True
mp-1019546,BaY4Si5O17,"Ba,O,Si,Y",4.9928,0.005184704660495,False,data\eu_candidates\cifs\mp-1019546__BaY4Si5O17.cif,True,False,True,False,False,False,False,False,True,Materials Project,True,False,core,True
mp-15739,BaZn2(AsO4)2,"As,Ba,O,Zn",3.1532,0.0,False,data\eu_candidates\cifs\mp-15739__BaZn2_AsO4_2.cif,True,False,False,False,False,False,False,False,False,Materials Project,True,False,core,True
mp-557974,BaZn2(BO3)2,"B,Ba,O,Zn",3.2287,0.012499575681815,False,data\eu_candidates\cifs\mp-557974__BaZn2_BO3_2.cif,True,False,False,False,False,False,False,False,False,Materials Project,True,False,core,True
mp-6089,BaZn2(PO4)2,"Ba,O,P,Zn",4.0373,0.0,False,data\eu_candidates\cifs\mp-6089__BaZn2_PO4_2.cif,True,False,False,False,False,False,False,False,False,Materials Project,True,False,core,True
mp-560441,BaZn2Si2O7,"Ba,O,Si,Zn",3.3014,0.0,False,data\eu_candidates\cifs\mp-560441__BaZn2Si2O7.cif,True,False,False,False,False,False,False,False,False,Materials Project,True,False,core,True
mp-14345,BaZnP2O7,"Ba,O,P,Zn",4.3419,0.0,False,data\eu_candidates\cifs\mp-14345__BaZnP2O7.cif,True,False,False,False,False,False,False,False,False,Materials Project,True,False,core,True
mp-561305,BaZnSiO4,"Ba,O,Si,Zn",3.5863,0.010555787738097,False,data\eu_candidates\cifs\mp-561305__BaZnSiO4.cif,True,False,False,False,False,False,False,False,False,Materials Project,True,False,core,True
mp-1214231,BaZr(AsO4)2,"As,Ba,O,Zr",3.5173,0.0,False,data\eu_candidates\cifs\mp-1214231__BaZr_AsO4_2.cif,True,False,False,False,False,False,False,False,False,Materials Project,True,False,core,True
mp-559348,BaZr(BO3)2,"B,Ba,O,Zr",4.1173,0.0,False,data\eu_candidates\cifs\mp-559348__BaZr_BO3_2.cif,True,False,False,False,False,False,False,False,False,Materials Project,True,False,core,True
mp-556139,BaZr(PO4)2,"Ba,O,P,Zr",4.158799999999999,0.0,False,data\eu_candidates\cifs\mp-556139__BaZr_PO4_2.cif,True,False,False,False,False,False,False,False,False,Materials Project,True,False,core,True
mp-1214228,BaZr(SiO3)3,"Ba,O,Si,Zr",4.6556,0.0,False,data\eu_candidates\cifs\mp-1214228__BaZr_SiO3_3.cif,True,False,False,False,False,False,False,False,False,Materials Project,True,False,core,True
mp-560308,BaZr4(PO4)6,"Ba,O,P,Zr",4.3446,0.0,False,data\eu_candidates\cifs\mp-560308__BaZr4_PO4_6.cif,True,False,False,False,False,False,False,False,False,Materials Project,True,False,core,True
mp-1019544,BaZrO3,"Ba,O,Zr",3.1163,0.0,False,data\eu_candidates\cifs\mp-1019544__BaZrO3.cif,True,False,False,False,False,False,False,False,False,Materials Project,True,False,core,True
mp-4555,Ca(AsO3)2,"As,Ca,O",3.3115,0.0,False,data\eu_candidates\cifs\mp-4555__Ca_AsO3_2.cif,True,False,False,False,False,False,False,False,False,Materials Project,True,False,core,True
mp-558358,Ca(B3O5)2,"B,Ca,O",5.8260000000000005,0.0,False,data\eu_candidates\cifs\mp-558358__Ca_B3O5_2.cif,True,False,False,False,False,False,False,False,False,Materials Project,True,False,core,True
mp-559849,Ca(GaO2)2,"Ca,Ga,O",3.0839,0.002659070476179,False,data\eu_candidates\cifs\mp-559849__Ca_GaO2_2.cif,True,False,False,False,False,False,False,False,False,Materials Project,True,False,core,True
mp-5680,Ca(PO3)2,"Ca,O,P",5.4963,0.0,False,data\eu_candidates\cifs\mp-5680__Ca_PO3_2.cif,True,False,False,False,False,False,False,False,False,Materials Project,True,False,core,True
mp-1202534,Ca10Ag(PO4)7,"Ag,Ca,O,P",3.7416,0.0,False,data\eu_candidates\cifs\mp-1202534__Ca10Ag_PO4_7.cif,True,False,False,False,False,False,False,False,False,Materials Project,True,False,core,True
mp-1019569,Ca10Ge16(B2O17)3,"B,Ca,Ge,O",3.0963,0.0,False,data\eu_candidates\cifs\mp-1019569__Ca10Ge16_B2O17_3.cif,True,True,False,False,False,False,False,False,False,Materials Project,True,False,core,True
mp-677026,Ca10Mg7Al6Si17O60,"Al,Ca,Mg,O,Si",4.3438,0.017090591649974,False,data\eu_candidates\cifs\mp-677026__Ca10Mg7Al6Si17O60.cif,True,False,False,False,False,False,False,False,False,Materials Project,True,False,core,True
mp-29760,Ca10P6O25,"Ca,O,P",3.1483,0.006978725203252,False,data\eu_candidates\cifs\mp-29760__Ca10P6O25.cif,True,False,False,False,False,False,False,False,False,Materials Project,True,False,core,True
mp-33318,Ca11Al14O32,"Al,Ca,O",3.4332000000000003,0.0,False,data\eu_candidates\cifs\mp-33318__Ca11Al14O32.cif,True,False,False,False,False,False,False,False,False,Materials Project,True,False,core,True
mp-27407,Ca12Be17O29,"Be,Ca,O",3.7478,0.006200534051721,False,data\eu_candidates\cifs\mp-27407__Ca12Be17O29.cif,True,False,False,False,False,False,False,False,False,Materials Project,True,False,core,True
mp-1228644,Ca19Mg2(PO4)14,"Ca,Mg,O,P",5.077,0.0,False,data\eu_candidates\cifs\mp-1228644__Ca19Mg2_PO4_14.cif,True,False,False,False,False,False,False,False,False,Materials Project,True,False,core,True
mp-1227935,Ca20Si3Ge9O44,"Ca,Ge,O,Si",3.8254,0.020785391896929,False,data\eu_candidates\cifs\mp-1227935__Ca20Si3Ge9O44.cif,True,True,False,False,False,False,False,False,False,Materials Project,True,False,core,True
mp-10444,Ca2Al2O5,"Al,Ca,O",3.5662000000000003,0.022759404127088,False,data\eu_candidates\cifs\mp-10444__Ca2Al2O5.cif,True,False,False,False,False,False,False,False,False,Materials Project,True,False,core,True
mp-1227499,Ca2Al2SiO7,"Al,Ca,O,Si",4.3406,0.000207447361113,False,data\eu_candidates\cifs\mp-1227499__Ca2Al2SiO7.cif,True,False,False,False,False,False,False,False,False,Materials Project,True,False,core,True
mp-6929,Ca2As2O7,"As,Ca,O",3.3366,0.0,False,data\eu_candidates\cifs\mp-6929__Ca2As2O7.cif,True,False,False,False,False,False,False,False,False,Materials Project,True,False,core,True
mp-1019560,Ca2B2O5,"B,Ca,O",4.7075,0.0,False,data\eu_candidates\cifs\mp-1019560__Ca2B2O5.cif,True,False,False,False,False,False,False,False,False,Materials Project,True,False,core,True
mp-27657,Ca2B6O11,"B,Ca,O",5.639,0.0,False,data\eu_candidates\cifs\mp-27657__Ca2B6O11.cif,True,False,False,False,False,False,False,False,False,Materials Project,True,False,core,True
mp-6208,Ca2BeSi2O7,"Be,Ca,O,Si",4.9868,0.000345284861104,False,data\eu_candidates\cifs\mp-6208__Ca2BeSi2O7.cif,True,False,False,False,False,False,False,False,False,Materials Project,True,False,core,True
mp-1227514,Ca2Ga2GeO7,"Ca,Ga,Ge,O",3.0602,0.019779874642854,False,data\eu_candidates\cifs\mp-1227514__Ca2Ga2GeO7.cif,True,True,False,False,False,False,False,False,False,Materials Project,True,False,core,True
mp-1227526,Ca2Ga2SiO7,"Ca,Ga,O,Si",3.5592,0.010447483402781,False,data\eu_candidates\cifs\mp-1227526__Ca2Ga2SiO7.cif,True,False,False,False,False,False,False,False,False,Materials Project,True,False,core,True
mp-1227496,Ca2GdTaO6,"Ca,Gd,O,Ta",3.5954,0.015917949500007,False,data\eu_candidates\cifs\mp-1227496__Ca2GdTaO6.cif,True,False,False,True,False,False,False,False,True,Materials Project,True,False,core,True
mp-560647,Ca2GeO4,"Ca,Ge,O",3.6002,0.0,False,data\eu_candidates\cifs\mp-560647__Ca2GeO4.cif,True,True,False,False,False,False,False,False,False,Materials Project,True,False,core,True
mp-27221,Ca2Hf7O16,"Ca,Hf,O",4.3048,0.00180309129999,False,data\eu_candidates\cifs\mp-27221__Ca2Hf7O16.cif,True,False,False,False,False,False,False,False,False,Materials Project,True,False,core,True
mp-752413,Ca2HfO4,"Ca,Hf,O",3.8409999999999993,0.003925965,False,data\eu_candidates\cifs\mp-752413__Ca2HfO4.cif,True,False,False,False,False,False,False,False,False,Materials Project,True,False,core,True
mp-1227469,Ca2LaSbO6,"Ca,La,O,Sb",3.7082,0.0,False,data\eu_candidates\cifs\mp-1227469__Ca2LaSbO6.cif,True,False,False,False,True,False,False,False,True,Materials Project,True,False,core,True
mp-1227477,Ca2LaTaO6,"Ca,La,O,Ta",4.0074,0.000489894999997,False,data\eu_candidates\cifs\mp-1227477__Ca2LaTaO6.cif,True,False,False,False,True,False,False,False,True,Materials Project,True,False,core,True
mp-677029,Ca2MgAl2(SiO4)3,"Al,Ca,Mg,O,Si",5.1099,0.014325700374997,False,data\eu_candidates\cifs\mp-677029__Ca2MgAl2_SiO4_3.cif,True,False,False,False,False,False,False,False,False,Materials Project,True,False,core,True
mp-6094,Ca2MgSi2O7,"Ca,Mg,O,Si",4.467700000000001,0.022590285555558,False,data\eu_candidates\cifs\mp-6094__Ca2MgSi2O7.cif,True,False,False,False,False,False,False,False,False,Materials Project,True,False,core,True
mp-19324,Ca2MgWO6,"Ca,Mg,O,W",3.6923,0.0,False,data\eu_candidates\cifs\mp-19324__Ca2MgWO6.cif,True,False,False,False,False,False,False,False,False,Materials Project,True,False,core,True
mp-13979,Ca2Nb2O7,"Ca,Nb,O",3.011,0.0,False,data\eu_candidates\cifs\mp-13979__Ca2Nb2O7.cif,True,False,False,False,False,False,False,False,False,Materials Project,True,False,core,True
mp-17922,Ca2P2O7,"Ca,O,P",5.7342,0.0,False,data\eu_candidates\cifs\mp-17922__Ca2P2O7.cif,True,False,False,False,False,False,False,False,False,Materials Project,True,False,core,True
mp-758337,Ca2P6O17,"Ca,O,P",5.5089,0.0,False,data\eu_candidates\cifs\mp-758337__Ca2P6O17.cif,True,False,False,False,False,False,False,False,False,Materials Project,True,False,core,True
mp-1214125,Ca2ScNbO6,"Ca,Nb,O,Sc",3.1457,0.0,False,data\eu_candidates\cifs\mp-1214125__Ca2ScNbO6.cif,True,False,False,False,False,False,True,False,True,Materials Project,True,False,core,True
mp-1189528,Ca2ScSbO6,"Ca,O,Sb,Sc",3.6317999999999993,0.0,False,data\eu_candidates\cifs\mp-1189528__Ca2ScSbO6.cif,True,False,False,False,False,False,True,False,True,Materials Project,True,False,core,True
mp-1214081,Ca2ScTaO6,"Ca,O,Sc,Ta",3.733799999999999,0.0,False,data\eu_candidates\cifs\mp-1214081__Ca2ScTaO6.cif,True,False,False,False,False,False,True,False,True,Materials Project,True,False,core,True
mp-752851,Ca2SiB2O7,"B,Ca,O,Si",5.6806,0.014285273472221,False,data\eu_candidates\cifs\mp-752851__Ca2SiB2O7.cif,True,False,False,False,False,False,False,False,False,Materials Project,True,False,core,True
mp-4481,Ca2SiO4,"Ca,O,Si",4.199400000000001,0.0,False,data\eu_candidates\cifs\mp-4481__Ca2SiO4.cif,True,False,False,False,False,False,False,False,False,Materials Project,True,False,core,True
mp-680380,Ca2Ta2O7,"Ca,O,Ta",3.3532,0.0,False,data\eu_candidates\cifs\mp-680380__Ca2Ta2O7.cif,True,False,False,False,False,False,False,False,False,Materials Project,True,False,core,True
mp-555528,Ca2Th(Si2O5)4,"Ca,O,Si,Th",4.986599999999999,0.004799469731185,False,data\eu_candidates\cifs\mp-555528__Ca2Th_Si2O5_4.cif,True,False,False,False,False,False,False,False,False,Materials Project,True,False,core,True
mp-1227786,Ca2TiSi2SnO10,"Ca,O,Si,Sn,Ti",3.0821,0.006402215260412,False,data\eu_candidates\cifs\mp-1227786__Ca2TiSi2SnO10.cif,True,False,False,False,False,False,False,False,False,Materials Project,True,False,core,True
mp-771519,Ca2WO5,"Ca,O,W",3.2830999999999992,0.018891006249997,False,data\eu_candidates\cifs\mp-771519__Ca2WO5.cif,True,False,False,False,False,False,False,False,False,Materials Project,True,False,core,True
mp-17019,Ca2YAs(WO6)2,"As,Ca,O,W,Y",3.691899999999999,0.0,False,data\eu_candidates\cifs\mp-17019__Ca2YAs_WO6_2.cif,True,False,True,False,False,False,False,False,True,Materials Project,True,False,core,True
mp-1214116,Ca2YNbO6,"Ca,Nb,O,Y",3.3203,0.015928064312504,False,data\eu_candidates\cifs\mp-1214116__Ca2YNbO6.cif,True,False,True,False,False,False,False,False,True,Materials Project,True,False,core,True
mp-18596,Ca2ZnGe2O7,"Ca,Ge,O,Zn",3.0488,0.026740620972211,False,data\eu_candidates\cifs\mp-18596__Ca2ZnGe2O7.cif,True,True,False,False,False,False,False,False,False,Materials Project,True,False,core,True
mp-6227,Ca2ZnSi2O7,"Ca,O,Si,Zn",4.0553,0.015441342777786,False,data\eu_candidates\cifs\mp-6227__Ca2ZnSi2O7.cif,True,False,False,False,False,False,False,False,False,Materials Project,True,False,core,True
mp-560339,Ca2Zr(SiO3)4,"Ca,O,Si,Zr",4.8495,0.006185548684205,False,data\eu_candidates\cifs\mp-560339__Ca2Zr_SiO3_4.cif,True,False,False,False,False,False,False,False,False,Materials Project,True,False,core,True
mp-667369,Ca2Zr5Ti2O16,"Ca,O,Ti,Zr",3.1694,0.0,False,data\eu_candidates\cifs\mp-667369__Ca2Zr5Ti2O16.cif,True,False,False,False,False,False,False,False,False,Materials Project,True,False,core,True
mp-1227737,Ca2ZrTi(GeO5)2,"Ca,Ge,O,Ti,Zr",3.0146,0.008664042604168,False,data\eu_candidates\cifs\mp-1227737__Ca2ZrTi_GeO5_2.cif,True,True,False,False,False,False,False,False,False,Materials Project,True,False,core,True
mp-1227799,Ca2ZrTi(SiO5)2,"Ca,O,Si,Ti,Zr",3.1228,0.014805134322916,False,data\eu_candidates\cifs\mp-1227799__Ca2ZrTi_SiO5_2.cif,True,False,False,False,False,False,False,False,False,Materials Project,True,False,core,True
mp-530449,Ca3(AsO4)2,"As,Ca,O",3.6559,0.0,False,data\eu_candidates\cifs\mp-530449__Ca3_AsO4_2.cif,True,False,False,False,False,False,False,False,False,Materials Project,True,False,core,True
mp-3575,Ca3(BO3)2,"B,Ca,O",4.8224,0.0,False,data\eu_candidates\cifs\mp-3575__Ca3_BO3_2.cif,True,False,False,False,False,False,False,False,False,Materials Project,True,False,core,True
mp-1197377,Ca3(PO4)2,"Ca,O,P",4.9116,0.0,False,data\eu_candidates\cifs\mp-1197377__Ca3_PO4_2.cif,True,False,False,False,False,False,False,False,False,Materials Project,True,False,core,True
mp-1214222,Ca3Al2(GeO4)3,"Al,Ca,Ge,O",3.5021,0.0,False,data\eu_candidates\cifs\mp-1214222__Ca3Al2_GeO4_3.cif,True,True,False,False,False,False,False,False,False,Materials Project,True,False,core,True
mp-6008,Ca3Al2(SiO4)3,"Al,Ca,O,Si",5.1373,0.000915122861096,False,data\eu_candidates\cifs\mp-6008__Ca3Al2_SiO4_3.cif,True,False,False,False,False,False,False,False,False,Materials Project,True,False,core,True
mp-12147,Ca3Al2O6,"Al,Ca,O",4.0091,0.012787945952346,False,data\eu_candidates\cifs\mp-12147__Ca3Al2O6.cif,True,False,False,False,False,False,False,False,False,Materials Project,True,False,core,True
mp-557955,Ca3Al4ZnO10,"Al,Ca,O,Zn",3.544699999999999,0.004186903345951,False,data\eu_candidates\cifs\mp-557955__Ca3Al4ZnO10.cif,True,False,False,False,False,False,False,False,False,Materials Project,True,False,core,True
mp-1227791,Ca3Cd5(P2O7)4,"Ca,Cd,O,P",3.4996,0.002739431931819,False,data\eu_candidates\cifs\mp-1227791__Ca3Cd5_P2O7_4.cif,True,False,False,False,False,False,False,False,False,Materials Project,True,False,core,True
mp-1227716,Ca3Ga2(Ge2O7)2,"Ca,Ga,Ge,O",3.0145,0.02065657543478,False,data\eu_candidates\cifs\mp-1227716__Ca3Ga2_Ge2O7_2.cif,True,True,False,False,False,False,False,False,False,Materials Project,True,False,core,True
mp-1019565,Ca3Ga2(GeO4)3,"Ca,Ga,Ge,O",3.172099999999999,0.0,False,data\eu_candidates\cifs\mp-1019565__Ca3Ga2_GeO4_3.cif,True,True,False,False,False,False,False,False,False,Materials Project,True,False,core,True
mp-14050,Ca3Ga2(SiO4)3,"Ca,Ga,O,Si",4.4118,0.011796309500002,False,data\eu_candidates\cifs\mp-14050__Ca3Ga2_SiO4_3.cif,True,False,False,False,False,False,False,False,False,Materials Project,True,False,core,True
mp-695070,Ca3Ga2Si(SnO6)2,"Ca,Ga,O,Si,Sn",3.092399999999999,0.0,False,data\eu_candidates\cifs\mp-695070__Ca3Ga2Si_SnO6_2.cif,True,False,False,False,False,False,False,False,False,Materials Project,True,False,core,True
mp-15003,Ca3HfSi2O9,"Ca,Hf,O,Si",4.7635000000000005,0.0,False,data\eu_candidates\cifs\mp-15003__Ca3HfSi2O9.cif,True,False,False,False,False,False,False,False,False,Materials Project,True,False,core,True
mp-14052,Ca3In2(SiO4)3,"Ca,In,O,Si",3.8105,0.008389113875008,False,data\eu_candidates\cifs\mp-14052__Ca3In2_SiO4_3.cif,True,False,False,False,False,False,False,True,True,Materials Project,True,False,core,True
mp-6709,Ca3La3(BO3)5,"B,Ca,La,O",4.1362,0.0,False,data\eu_candidates\cifs\mp-6709__Ca3La3_BO3_5.cif,True,False,False,False,True,False,False,False,True,Materials Project,True,False,core,True
mp-1214423,Ca3Lu2(GeO4)3,"Ca,Ge,Lu,O",3.2916,0.0,False,data\eu_candidates\cifs\mp-1214423__Ca3Lu2_GeO4_3.cif,True,True,False,False,False,True,False,False,True,Materials Project,True,False,core,True
mp-646967,Ca3Mg3(PO4)4,"Ca,Mg,O,P",5.1758,0.007297417240216,False,data\eu_candidates\cifs\mp-646967__Ca3Mg3_PO4_4.cif,True,False,False,False,False,False,False,False,False,Materials Project,True,False,core,True
mp-1227744,Ca3Mg5(SiO3)8,"Ca,Mg,O,Si",4.7346,0.009918578416674,False,data\eu_candidates\cifs\mp-1227744__Ca3Mg5_SiO3_8.cif,True,False,False,False,False,False,False,False,False,Materials Project,True,False,core,True
mp-1214038,Ca3NbGa3(SiO7)2,"Ca,Ga,Nb,O,Si",3.4364,0.005406547373191,False,data\eu_candidates\cifs\mp-1214038__Ca3NbGa3_SiO7_2.cif,True,False,False,False,False,False,False,False,False,Materials Project,True,False,core,True
mp-21989,Ca3Sc2(GeO4)3,"Ca,Ge,O,Sc",3.6138,0.0,False,data\eu_candidates\cifs\mp-21989__Ca3Sc2_GeO4_3.cif,True,True,False,False,False,False,True,False,True,Materials Project,True,False,core,True
mp-6255,Ca3Sc2(SiO4)3,"Ca,O,Sc,Si",4.2109,0.0,False,data\eu_candidates\cifs\mp-6255__Ca3Sc2_SiO4_3.cif,True,False,False,False,False,False,True,False,True,Materials Project,True,False,core,True
mp-1227800,Ca3Si2GeO9,"Ca,Ge,O,Si",4.362999999999999,0.007694677333331,False,data\eu_candidates\cifs\mp-1227800__Ca3Si2GeO9.cif,True,True,False,False,False,False,False,False,False,Materials Project,True,False,core,True
mp-585516,Ca3Si2O7,"Ca,O,Si",4.659,0.002373531388889,False,data\eu_candidates\cifs\mp-585516__Ca3Si2O7.cif,True,False,False,False,False,False,False,False,False,Materials Project,True,False,core,True
mp-15095,Ca3Si2SnO9,"Ca,O,Si,Sn",3.5852,0.0,False,data\eu_candidates\cifs\mp-15095__Ca3Si2SnO9.cif,True,False,False,False,False,False,False,False,False,Materials Project,True,False,core,True
mp-1170750,Ca3Si3(MoO6)2,"Ca,Mo,O,Si",3.077000000000001,0.0,False,data\eu_candidates\cifs\mp-1170750__Ca3Si3_MoO6_2.cif,True,False,False,False,False,False,False,False,False,Materials Project,True,False,core,True
mp-641754,Ca3SiO5,"Ca,O,Si",3.985099999999999,0.020137263734567,False,data\eu_candidates\cifs\mp-641754__Ca3SiO5.cif,True,False,False,False,False,False,False,False,False,Materials Project,True,False,core,True
mp-769266,Ca3Ta2O8,"Ca,O,Ta",4.1391,0.011183253571431,False,data\eu_candidates\cifs\mp-769266__Ca3Ta2O8.cif,True,False,False,False,False,False,False,False,False,Materials Project,True,False,core,True
mp-6853,Ca3TaGa3(SiO7)2,"Ca,Ga,O,Si,Ta",3.9122,0.0,False,data\eu_candidates\cifs\mp-6853__Ca3TaGa3_SiO7_2.cif,True,False,False,False,False,False,False,False,False,Materials Project,True,False,core,True
mp-532028,Ca3V2O8,"Ca,O,V",3.5793,0.0,False,data\eu_candidates\cifs\mp-532028__Ca3V2O8.cif,True,False,False,False,False,False,False,False,False,Materials Project,True,False,core,True
mp-781505,Ca3WO6,"Ca,O,W",3.706,0.0,False,data\eu_candidates\cifs\mp-781505__Ca3WO6.cif,True,False,False,False,False,False,False,False,False,Materials Project,True,False,core,True
mp-669331,Ca3Y2(GeO4)3,"Ca,Ge,O,Y",3.426599999999999,0.0,False,data\eu_candidates\cifs\mp-669331__Ca3Y2_GeO4_3.cif,True,True,True,False,False,False,False,False,True,Materials Project,True,False,core,True
mp-1214208,Ca3Y2(SiO4)3,"Ca,O,Si,Y",3.800099999999999,0.025517098583337,False,data\eu_candidates\cifs\mp-1214208__Ca3Y2_SiO4_3.cif,True,False,True,False,False,False,False,False,True,Materials Project,True,False,core,True
mp-15004,Ca3ZrSi2O9,"Ca,O,Si,Zr",4.4939,0.0,False,data\eu_candidates\cifs\mp-15004__Ca3ZrSi2O9.cif,True,False,False,False,False,False,False,False,False,Materials Project,True,False,core,True
mp-556889,Ca4Al6MoO16,"Al,Ca,Mo,O",3.713,0.0,False,data\eu_candidates\cifs\mp-556889__Ca4Al6MoO16.cif,True,False,False,False,False,False,False,False,False,Materials Project,True,False,core,True
mp-7531,Ca4Al6O13,"Al,Ca,O",3.941799999999999,0.013481621086913,False,data\eu_candidates\cifs\mp-7531__Ca4Al6O13.cif,True,False,False,False,False,False,False,False,False,Materials Project,True,False,core,True
mp-556028,Ca4Al6WO16,"Al,Ca,O,W",4.1286,0.025607717685175,False,data\eu_candidates\cifs\mp-556028__Ca4Al6WO16.cif,True,False,False,False,False,False,False,False,False,Materials Project,True,False,core,True
mp-6943,Ca4GdB3O10,"B,Ca,Gd,O",3.3154,0.0,False,data\eu_candidates\cifs\mp-6943__Ca4GdB3O10.cif,True,False,False,True,False,False,False,False,True,Materials Project,True,False,core,True
mp-6076,Ca4LaB3O10,"B,Ca,La,O",4.3032,0.0,False,data\eu_candidates\cifs\mp-6076__Ca4LaB3O10.cif,True,False,False,False,True,False,False,False,True,Materials Project,True,False,core,True
mp-1227598,Ca4MgAl2Si3O14,"Al,Ca,Mg,O,Si",4.308999999999999,0.02615541315972,False,data\eu_candidates\cifs\mp-1227598__Ca4MgAl2Si3O14.cif,True,False,False,False,False,False,False,False,False,Materials Project,True,False,core,True
mp-31016,Ca4Nb2O9,"Ca,Nb,O",3.3225,0.0,False,data\eu_candidates\cifs\mp-31016__Ca4Nb2O9.cif,True,False,False,False,False,False,False,False,False,Materials Project,True,False,core,True
mp-1204714,Ca4NbGaO8,"Ca,Ga,Nb,O",3.282599999999999,0.015194778541667,False,data\eu_candidates\cifs\mp-1204714__Ca4NbGaO8.cif,True,False,False,False,False,False,False,False,False,Materials Project,True,False,core,True
mp-5263,Ca4P2O9,"Ca,O,P",4.747400000000001,0.0,False,data\eu_candidates\cifs\mp-5263__Ca4P2O9.cif,True,False,False,False,False,False,False,False,False,Materials Project,True,False,core,True
mp-559537,Ca4P6O19,"Ca,O,P",5.3711,0.0,False,data\eu_candidates\cifs\mp-559537__Ca4P6O19.cif,True,False,False,False,False,False,False,False,False,Materials Project,True,False,core,True
mp-769317,Ca4Ta2O9,"Ca,O,Ta",3.983499999999999,0.0,False,data\eu_candidates\cifs\mp-769317__Ca4Ta2O9.cif,True,False,False,False,False,False,False,False,False,Materials Project,True,False,core,True
mp-1227137,Ca4TiSi4Sn3O20,"Ca,O,Si,Sn,Ti",3.1716,0.008363848828119,False,data\eu_candidates\cifs\mp-1227137__Ca4TiSi4Sn3O20.cif,True,False,False,False,False,False,False,False,False,Materials Project,True,False,core,True
mp-1214020,Ca4YB3O10,"B,Ca,O,Y",4.4498,0.0,False,data\eu_candidates\cifs\mp-1214020__Ca4YB3O10.cif,True,False,True,False,False,False,False,False,True,Materials Project,True,False,core,True
mp-1227178,Ca4ZrTi3(SiO5)4,"Ca,O,Si,Ti,Zr",3.0056,0.009112195911457,False,data\eu_candidates\cifs\mp-1227178__Ca4ZrTi3_SiO5_4.cif,True,False,False,False,False,False,False,False,False,Materials Project,True,False,core,True
mp-3080,Ca5(Ga3O7)2,"Ca,Ga,O",3.3099,0.0007669658,False,data\eu_candidates\cifs\mp-3080__Ca5_Ga3O7_2.cif,True,False,False,False,False,False,False,False,False,Materials Project,True,False,core,True
mp-17694,Ca5Al6O14,"Al,Ca,O",4.441899999999999,0.003398211057257,False,data\eu_candidates\cifs\mp-17694__Ca5Al6O14.cif,True,False,False,False,False,False,False,False,False,Materials Project,True,False,core,True
mp-774105,Ca5Ge3O11,"Ca,Ge,O",3.3456,0.016108198508772,False,data\eu_candidates\cifs\mp-774105__Ca5Ge3O11.cif,True,True,False,False,False,False,False,False,False,Materials Project,True,False,core,True
mp-1227400,Ca5Si(PO6)2,"Ca,O,P,Si",4.7968,0.0,False,data\eu_candidates\cifs\mp-1227400__Ca5Si_PO6_2.cif,True,False,False,False,False,False,False,False,False,Materials Project,True,False,core,True
mp-1227225,Ca5TiSn4(BO3)10,"B,Ca,O,Sn,Ti",3.091999999999999,0.005211212999995,False,data\eu_candidates\cifs\mp-1227225__Ca5TiSn4_BO3_10.cif,True,False,False,False,False,False,False,False,False,Materials Project,True,False,core,True
mp-1227668,Ca5Zr4Ti(GeO5)5,"Ca,Ge,O,Ti,Zr",3.1128,0.010911359041669,False,data\eu_candidates\cifs\mp-1227668__Ca5Zr4Ti_GeO5_5.cif,True,True,False,False,False,False,False,False,False,Materials Project,True,False,core,True
mp-558489,Ca6Hf19O44,"Ca,Hf,O",4.0197,0.018331319384049,False,data\eu_candidates\cifs\mp-558489__Ca6Hf19O44.cif,True,False,False,False,False,False,False,False,False,Materials Project,True,False,core,True
mp-755421,Ca6HfO8,"Ca,Hf,O",4.1479,0.002167308666663,False,data\eu_candidates\cifs\mp-755421__Ca6HfO8.cif,True,False,False,False,False,False,False,False,False,Materials Project,True,False,core,True
mp-699405,Ca6Mg5Al2Si11O36,"Al,Ca,Mg,O,Si",5.1007,0.008642317472193,False,data\eu_candidates\cifs\mp-699405__Ca6Mg5Al2Si11O36.cif,True,False,False,False,False,False,False,False,False,Materials Project,True,False,core,True
mp-1019570,Ca8Si5O18,"Ca,O,Si",4.7787,0.0005565861559,False,data\eu_candidates\cifs\mp-1019570__Ca8Si5O18.cif,True,False,False,False,False,False,False,False,False,Materials Project,True,False,core,True
mp-1227205,Ca8Zn4Si3Ge5O28,"Ca,Ge,O,Si,Zn",3.2833,0.010945640295143,False,data\eu_candidates\cifs\mp-1227205__Ca8Zn4Si3Ge5O28.cif,True,True,False,False,False,False,False,False,False,Materials Project,True,False,core,True
mp-555661,Ca9In(PO4)7,"Ca,In,O,P",4.337099999999999,0.0,False,data\eu_candidates\cifs\mp-555661__Ca9In_PO4_7.cif,True,False,False,False,False,False,False,True,True,Materials Project,True,False,core,True
mp-1227489,CaAl12O19,"Al,Ca,O",4.345099999999999,0.01149664421875,False,data\eu_candidates\cifs\mp-1227489__CaAl12O19.cif,True,False,False,False,False,False,False,False,False,Materials Project,True,False,core,True
mp-1227323,CaAl2(SiO4)2,"Al,Ca,O,Si",4.729699999999999,0.0,False,data\eu_candidates\cifs\mp-1227323__CaAl2_SiO4_2.cif,True,False,False,False,False,False,False,False,False,Materials Project,True,False,core,True
mp-557689,CaAl2B2O7,"Al,B,Ca,O",4.8228,0.0,False,data\eu_candidates\cifs\mp-557689__CaAl2B2O7.cif,True,False,False,False,False,False,False,False,False,Materials Project,True,False,core,True
mp-2963,CaAl2O4,"Al,Ca,O",4.5894,0.000748602976124,False,data\eu_candidates\cifs\mp-2963__CaAl2O4.cif,True,False,False,False,False,False,False,False,False,Materials Project,True,False,core,True
mp-1019584,CaAl2SiO6,"Al,Ca,O,Si",4.605699999999999,0.016791177138881,False,data\eu_candidates\cifs\mp-1019584__CaAl2SiO6.cif,True,False,False,False,False,False,False,False,False,Materials Project,True,False,core,True
mp-4867,CaAl4O7,"Al,Ca,O",3.9994,0.0,False,data\eu_candidates\cifs\mp-4867__CaAl4O7.cif,True,False,False,False,False,False,False,False,False,Materials Project,True,False,core,True
mp-556532,CaAlB3O7,"Al,B,Ca,O",5.376600000000001,0.016416642410748,False,data\eu_candidates\cifs\mp-556532__CaAlB3O7.cif,True,False,False,False,False,False,False,False,False,Materials Project,True,False,core,True
mp-559759,CaAlBO4,"Al,B,Ca,O",4.6961,0.0,False,data\eu_candidates\cifs\mp-559759__CaAlBO4.cif,True,False,False,False,False,False,False,False,False,Materials Project,True,False,core,True
mp-556214,CaB4O7,"B,Ca,O",5.7875,0.0,False,data\eu_candidates\cifs\mp-556214__CaB4O7.cif,True,False,False,False,False,False,False,False,False,Materials Project,True,False,core,True
mp-6667,CaBPO5,"B,Ca,O,P",5.3231,0.005639092440486,False,data\eu_candidates\cifs\mp-6667__CaBPO5.cif,True,False,False,False,False,False,False,False,False,Materials Project,True,False,core,True
mp-554315,CaBeB2O5,"B,Be,Ca,O",5.6932,0.004287166944399,False,data\eu_candidates\cifs\mp-554315__CaBeB2O5.cif,True,False,False,False,False,False,False,False,False,Materials Project,True,False,core,True
mp-1213987,CaCdP2O7,"Ca,Cd,O,P",3.8448,0.0,False,data\eu_candidates\cifs\mp-1213987__CaCdP2O7.cif,True,False,False,False,False,False,False,False,False,Materials Project,True,False,core,True
mp-557855,CaGaBO4,"B,Ca,Ga,O",3.9612,0.0,False,data\eu_candidates\cifs\mp-557855__CaGaBO4.cif,True,False,False,False,False,False,False,False,False,Materials Project,True,False,core,True
mp-1227314,CaGd2(GeO3)4,"Ca,Gd,Ge,O",3.1596,0.0,False,data\eu_candidates\cifs\mp-1227314__CaGd2_GeO3_4.cif,True,True,False,True,False,False,False,False,True,Materials Project,True,False,core,True
mp-686296,CaGd2Zr(GaO3)4,"Ca,Ga,Gd,O,Zr",3.255599999999999,0.0,False,data\eu_candidates\cifs\mp-686296__CaGd2Zr_GaO3_4.cif,True,False,False,True,False,False,False,False,True,Materials Project,True,False,core,True
mp-1191974,CaGe(PO4)2,"Ca,Ge,O,P",3.9027,0.010582720729172,False,data\eu_candidates\cifs\mp-1191974__CaGe_PO4_2.cif,True,True,False,False,False,False,False,False,False,Materials Project,True,False,core,True
mp-17761,CaGeO3,"Ca,Ge,O",3.481299999999999,0.0,False,data\eu_candidates\cifs\mp-17761__CaGeO3.cif,True,True,False,False,False,False,False,False,False,Materials Project,True,False,core,True
mp-558164,CaHf4O9,"Ca,Hf,O",4.4894,0.010044748839284,False,data\eu_candidates\cifs\mp-558164__CaHf4O9.cif,True,False,False,False,False,False,False,False,False,Materials Project,True,False,core,True
mp-754853,CaHfO3,"Ca,Hf,O",4.4855,0.0,False,data\eu_candidates\cifs\mp-754853__CaHfO3.cif,True,False,False,False,False,False,False,False,False,Materials Project,True,False,core,True
mp-560622,CaLa2B10O19,"B,Ca,La,O",4.3132,0.0,False,data\eu_candidates\cifs\mp-560622__CaLa2B10O19.cif,True,False,False,False,True,False,False,False,True,Materials Project,True,False,core,True
mp-1227220,CaLa4Si3O13,"Ca,La,O,Si",4.4836,0.0,False,data\eu_candidates\cifs\mp-1227220__CaLa4Si3O13.cif,True,False,False,False,True,False,False,False,True,Materials Project,True,False,core,True
mp-1227186,CaLaAl3O7,"Al,Ca,La,O",4.3945,0.0,False,data\eu_candidates\cifs\mp-1227186__CaLaAl3O7.cif,True,False,False,False,True,False,False,False,True,Materials Project,True,False,core,True
mp-1227153,CaLaGa3O7,"Ca,Ga,La,O",3.2684,0.00215009157738,False,data\eu_candidates\cifs\mp-1227153__CaLaGa3O7.cif,True,False,False,False,True,False,False,False,True,Materials Project,True,False,core,True
mp-559969,CaLaGaO4,"Ca,Ga,La,O",3.4555,0.0,False,data\eu_candidates\cifs\mp-559969__CaLaGaO4.cif,True,False,False,False,True,False,False,False,True,Materials Project,True,False,core,True
mp-684801,CaLaMgTaO6,"Ca,La,Mg,O,Ta",4.185700000000001,0.0,False,data\eu_candidates\cifs\mp-684801__CaLaMgTaO6.cif,True,False,False,False,True,False,False,False,True,Materials Project,True,False,core,True
mp-1227583,CaLu2(GeO3)4,"Ca,Ge,Lu,O",3.1276,0.013835145657891,False,data\eu_candidates\cifs\mp-1227583__CaLu2_GeO3_4.cif,True,True,False,False,False,True,False,False,True,Materials Project,True,False,core,True
mp-6766,CaMg(SiO3)2,"Ca,Mg,O,Si",4.9716000000000005,0.0,False,data\eu_candidates\cifs\mp-6766__CaMg_SiO3_2.cif,True,False,False,False,False,False,False,False,False,Materials Project,True,False,core,True
mp-1227106,CaMg3(SiO3)4,"Ca,Mg,O,Si",4.7023,0.017460937333343,False,data\eu_candidates\cifs\mp-1227106__CaMg3_SiO3_4.cif,True,False,False,False,False,False,False,False,False,Materials Project,True,False,core,True
mp-1037934,CaMg30CdO32,"Ca,Cd,Mg,O",3.9000999999999992,0.0281626953125,False,data\eu_candidates\cifs\mp-1037934__CaMg30CdO32.cif,True,False,False,False,False,False,False,False,False,Materials Project,True,False,core,True
mp-1037964,CaMg30ZnO32,"Ca,Mg,O,Zn",4.139600000000001,0.01814304453125,False,data\eu_candidates\cifs\mp-1037964__CaMg30ZnO32.cif,True,False,False,False,False,False,False,False,False,Materials Project,True,False,core,True
mp-1227274,CaMg7(SiO3)8,"Ca,Mg,O,Si",4.6611,0.015469288250006,False,data\eu_candidates\cifs\mp-1227274__CaMg7_SiO3_8.cif,True,False,False,False,False,False,False,False,False,Materials Project,True,False,core,True
mp-6585,CaMgB2O5,"B,Ca,Mg,O",5.4435,0.001968780277779,False,data\eu_candidates\cifs\mp-6585__CaMgB2O5.cif,True,False,False,False,False,False,False,False,False,Materials Project,True,False,core,True
mp-558362,CaMgGeO4,"Ca,Ge,Mg,O",4.024299999999999,0.0,False,data\eu_candidates\cifs\mp-558362__CaMgGeO4.cif,True,True,False,False,False,False,False,False,False,Materials Project,True,False,core,True
mp-6493,CaMgSiO4,"Ca,Mg,O,Si",4.6294,0.0,False,data\eu_candidates\cifs\mp-6493__CaMgSiO4.cif,True,False,False,False,False,False,False,False,False,Materials Project,True,False,core,True
mp-19330,CaMoO4,"Ca,Mo,O",3.5007,0.0,False,data\eu_candidates\cifs\mp-19330__CaMoO4.cif,True,False,False,False,False,False,False,False,False,Materials Project,True,False,core,True
mp-17101,CaNb2O6,"Ca,Nb,O",3.6052,0.0,False,data\eu_candidates\cifs\mp-17101__CaNb2O6.cif,True,False,False,False,False,False,False,False,False,Materials Project,True,False,core,True
mp-2605,CaO,"Ca,O",3.6301,0.0,False,data\eu_candidates\cifs\mp-2605__CaO.cif,True,False,False,False,False,False,False,False,False,Materials Project,True,False,core,True
mp-30983,CaP4O11,"Ca,O,P",5.5138,0.0,False,data\eu_candidates\cifs\mp-30983__CaP4O11.cif,True,False,False,False,False,False,False,False,False,Materials Project,True,False,core,True
mp-4056,CaSc2O4,"Ca,O,Sc",3.457999999999999,0.0,False,data\eu_candidates\cifs\mp-4056__CaSc2O4.cif,True,False,False,False,False,False,True,False,True,Materials Project,True,False,core,True
mp-39167,CaScAlSiO6,"Al,Ca,O,Sc,Si",4.921,0.0,False,data\eu_candidates\cifs\mp-39167__CaScAlSiO6.cif,True,False,False,False,False,False,True,False,True,Materials Project,True,False,core,True
mp-6419,CaSi2(BO4)2,"B,Ca,O,Si",5.6644,0.001024294679488,False,data\eu_candidates\cifs\mp-6419__CaSi2_BO4_2.cif,True,False,False,False,False,False,False,False,False,Materials Project,True,False,core,True
mp-4429,CaSiO3,"Ca,O,Si",4.8413,0.0,False,data\eu_candidates\cifs\mp-4429__CaSiO3.cif,True,False,False,False,False,False,False,False,False,Materials Project,True,False,core,True
mp-6809,CaSiSnO5,"Ca,O,Si,Sn",3.2313,0.008423599270833,False,data\eu_candidates\cifs\mp-6809__CaSiSnO5.cif,True,False,False,False,False,False,False,False,False,Materials Project,True,False,core,True
mp-14398,CaSn(BO3)2,"B,Ca,O,Sn",3.7069,0.0,False,data\eu_candidates\cifs\mp-14398__CaSn_BO3_2.cif,True,False,False,False,False,False,False,False,False,Materials Project,True,False,core,True
mp-1045579,CaSn(PO3)4,"Ca,O,P,Sn",4.084,0.02344268347227,False,data\eu_candidates\cifs\mp-1045579__CaSn_PO3_4.cif,True,False,False,False,False,False,False,False,False,Materials Project,True,False,core,True
mp-984716,CaSn4(PO4)6,"Ca,O,P,Sn",3.5904,0.0,False,data\eu_candidates\cifs\mp-984716__CaSn4_PO4_6.cif,True,False,False,False,False,False,False,False,False,Materials Project,True,False,core,True
mp-1041696,CaSnP2O7,"Ca,O,P,Sn",3.649199999999999,0.006881609659098,False,data\eu_candidates\cifs\mp-1041696__CaSnP2O7.cif,True,False,False,False,False,False,False,False,False,Materials Project,True,False,core,True
mp-18229,CaTa2O6,"Ca,O,Ta",3.473899999999999,0.0,False,data\eu_candidates\cifs\mp-18229__CaTa2O6.cif,True,False,False,False,False,False,False,False,False,Materials Project,True,False,core,True
mp-3079,CaTa4O11,"Ca,O,Ta",3.543799999999999,0.0,False,data\eu_candidates\cifs\mp-3079__CaTa4O11.cif,True,False,False,False,False,False,False,False,False,Materials Project,True,False,core,True
mp-2713900,CaTa5(PO4)9,"Ca,O,P,Ta",3.0697,0.0,False,data\eu_candidates\cifs\mp-2713900__CaTa5_PO4_9.cif,True,False,False,False,False,False,False,False,False,Materials Project,True,False,core,True
mp-15733,CaTaAlO5,"Al,Ca,O,Ta",3.900699999999999,0.0,False,data\eu_candidates\cifs\mp-15733__CaTaAlO5.cif,True,False,False,False,False,False,False,False,False,Materials Project,True,False,core,True
mp-1227121,CaThNb2O8,"Ca,Nb,O,Th",3.562599999999999,0.004058803124999,False,data\eu_candidates\cifs\mp-1227121__CaThNb2O8.cif,True,False,False,False,False,False,False,False,False,Materials Project,True,False,core,True
mp-754701,CaTiO3,"Ca,O,Ti",3.570599999999999,0.0283526885,False,data\eu_candidates\cifs\mp-754701__CaTiO3.cif,True,False,False,False,False,False,False,False,False,Materials Project,True,False,core,True
mp-1369469,CaVP2O7,"Ca,O,P,V",3.377399999999999,0.002410645454549,False,data\eu_candidates\cifs\mp-1369469__CaVP2O7.cif,True,False,False,False,False,False,False,False,False,Materials Project,True,False,core,True
mp-19426,CaWO4,"Ca,O,W",4.3443,0.0,False,data\eu_candidates\cifs\mp-19426__CaWO4.cif,True,False,False,False,False,False,False,False,False,Materials Project,True,False,core,True
mp-1227308,CaY2(GeO3)4,"Ca,Ge,O,Y",3.2152,0.016086839561396,False,data\eu_candidates\cifs\mp-1227308__CaY2_GeO3_4.cif,True,True,True,False,False,False,False,False,True,Materials Project,True,False,core,True
mp-1227119,CaYAl3O7,"Al,Ca,O,Y",4.276199999999999,0.022630000416668,False,data\eu_candidates\cifs\mp-1227119__CaYAl3O7.cif,True,False,True,False,False,False,False,False,True,Materials Project,True,False,core,True
mp-1213894,CaYBO4,"B,Ca,O,Y",4.3059,0.0,False,data\eu_candidates\cifs\mp-1213894__CaYBO4.cif,True,False,True,False,False,False,False,False,True,Materials Project,True,False,core,True
mp-1227362,CaYP7O20,"Ca,O,P,Y",5.369,0.0,False,data\eu_candidates\cifs\mp-1227362__CaYP7O20.cif,True,False,True,False,False,False,False,False,True,Materials Project,True,False,core,True
mp-18308,CaZn2(PO4)2,"Ca,O,P,Zn",3.787199999999999,0.0,False,data\eu_candidates\cifs\mp-18308__CaZn2_PO4_2.cif,True,False,False,False,False,False,False,False,False,Materials Project,True,False,core,True
mp-554905,CaZnSi3O8,"Ca,O,Si,Zn",4.3077,0.006973611666669,False,data\eu_candidates\cifs\mp-554905__CaZnSi3O8.cif,True,False,False,False,False,False,False,False,False,Materials Project,True,False,core,True
mp-554495,CaZr(PO4)2,"Ca,O,P,Zr",4.392,0.0,False,data\eu_candidates\cifs\mp-554495__CaZr_PO4_2.cif,True,False,False,False,False,False,False,False,False,Materials Project,True,False,core,True
mp-556440,CaZr4(PO4)6,"Ca,O,P,Zr",4.172099999999999,0.0,False,data\eu_candidates\cifs\mp-556440__CaZr4_PO4_6.cif,True,False,False,False,False,False,False,False,False,Materials Project,True,False,core,True
mp-554190,CaZr4O9,"Ca,O,Zr",3.8571,0.001697035624987,False,data\eu_candidates\cifs\mp-554190__CaZr4O9.cif,True,False,False,False,False,False,False,False,False,Materials Project,True,False,core,True
mp-559642,CaZrAl9BO18,"Al,B,Ca,O,Zr",4.8793,0.003183011833334,False,data\eu_candidates\cifs\mp-559642__CaZrAl9BO18.cif,True,False,False,False,False,False,False,False,False,Materials Project,True,False,core,True
mp-644295,CaZrGeO5,"Ca,Ge,O,Zr",3.678,0.010367232083332,False,data\eu_candidates\cifs\mp-644295__CaZrGeO5.cif,True,True,False,False,False,False,False,False,False,Materials Project,True,False,core,True
mp-4571,CaZrO3,"Ca,O,Zr",3.8263,0.0,False,data\eu_candidates\cifs\mp-4571__CaZrO3.cif,True,False,False,False,False,False,False,False,False,Materials Project,True,False,core,True
mp-7079,CaZrSi2O7,"Ca,O,Si,Zr",4.5532,0.003378347196964,False,data\eu_candidates\cifs\mp-7079__CaZrSi2O7.cif,True,False,False,False,False,False,False,False,False,Materials Project,True,False,core,True
mp-1019605,Cs2Ba3(P2O7)2,"Ba,Cs,O,P",4.8929,0.004245906195659,False,data\eu_candidates\cifs\mp-1019605__Cs2Ba3_P2O7_2.cif,True,False,False,False,False,False,False,False,False,Materials Project,True,False,core,True
mp-1019603,Cs2BaP2O7,"Ba,Cs,O,P",4.8119,0.0,False,data\eu_candidates\cifs\mp-1019603__Cs2BaP2O7.cif,True,False,False,False,False,False,False,False,False,Materials Project,True,False,core,True
mp-1226202,Cs2CaP2O7,"Ca,Cs,O,P",4.9064,0.0,False,data\eu_candidates\cifs\mp-1226202__Cs2CaP2O7.cif,True,False,False,False,False,False,False,False,False,Materials Project,True,False,core,True
mp-1202328,Cs2CaV2O7,"Ca,Cs,O,V",3.4021,0.0,False,data\eu_candidates\cifs\mp-1202328__Cs2CaV2O7.cif,True,False,False,False,False,False,False,False,False,Materials Project,True,False,core,True
mp-1019611,Cs2Na2Sr(B3O5)6,"B,Cs,Na,O,Sr",5.7745,0.0,False,data\eu_candidates\cifs\mp-1019611__Cs2Na2Sr_B3O5_6.cif,True,False,False,False,False,False,False,False,False,Materials Project,True,False,core,True
mp-1019609,Cs2Sr2Li3B3(PO4)6,"B,Cs,Li,O,P,Sr",5.6206,0.0,False,data\eu_candidates\cifs\mp-1019609__Cs2Sr2Li3B3_PO4_6.cif,True,False,False,False,False,False,False,False,False,Materials Project,True,False,core,True
mp-14355,Cs2SrP2O7,"Cs,O,P,Sr",4.853499999999999,0.0,False,data\eu_candidates\cifs\mp-14355__Cs2SrP2O7.cif,True,False,False,False,False,False,False,False,False,Materials Project,True,False,core,True
mp-1194926,Cs3Gd(PO4)2,"Cs,Gd,O,P",3.1528,0.0,False,data\eu_candidates\cifs\mp-1194926__Cs3Gd_PO4_2.cif,True,False,False,True,False,False,False,False,True,Materials Project,True,False,core,True
mp-1214521,Cs3La(MoO4)3,"Cs,La,Mo,O",3.7278,0.0,False,data\eu_candidates\cifs\mp-1214521__Cs3La_MoO4_3.cif,True,False,False,False,True,False,False,False,True,Materials Project,True,False,core,True
mp-768976,Cs3ScO3,"Cs,O,Sc",3.0416,0.0,False,data\eu_candidates\cifs\mp-768976__Cs3ScO3.cif,True,False,False,False,False,False,True,False,True,Materials Project,True,False,core,True
mp-1019614,Cs3Y(PO4)2,"Cs,O,P,Y",4.588900000000001,0.0,False,data\eu_candidates\cifs\mp-1019614__Cs3Y_PO4_2.cif,True,False,True,False,False,False,False,False,True,Materials Project,True,False,core,True
mp-560944,Cs4Ba(PO3)6,"Ba,Cs,O,P",5.1063,0.0,False,data\eu_candidates\cifs\mp-560944__Cs4Ba_PO3_6.cif,True,False,False,False,False,False,False,False,False,Materials Project,True,False,core,True
mp-1198646,Cs4BaV6O18,"Ba,Cs,O,V",3.0382,0.0,False,data\eu_candidates\cifs\mp-1198646__Cs4BaV6O18.cif,True,False,False,False,False,False,False,False,False,Materials Project,True,False,core,True
mp-556936,CsBa(BO2)3,"B,Ba,Cs,O",4.0415,0.003253390606063,False,data\eu_candidates\cifs\mp-556936__CsBa_BO2_3.cif,True,False,False,False,False,False,False,False,False,Materials Project,True,False,core,True
mp-532541,CsBaIn2(PO4)3,"Ba,Cs,In,O,P",3.5777,0.004744096798224,False,data\eu_candidates\cifs\mp-532541__CsBaIn2_PO4_3.cif,True,False,False,False,False,False,False,True,True,Materials Project,True,False,core,True
mp-1019708,CsBaLiP2O7,"Ba,Cs,Li,O,P",5.0427,0.0,False,data\eu_candidates\cifs\mp-1019708__CsBaLiP2O7.cif,True,False,False,False,False,False,False,False,False,Materials Project,True,False,core,True
mp-1201263,CsCa(PO3)3,"Ca,Cs,O,P",5.3035,0.0,False,data\eu_candidates\cifs\mp-1201263__CsCa_PO3_3.cif,True,False,False,False,False,False,False,False,False,Materials Project,True,False,core,True
mp-1019714,CsCa10(PO4)7,"Ca,Cs,O,P",5.203,0.0,False,data\eu_candidates\cifs\mp-1019714__CsCa10_PO4_7.cif,True,False,False,False,False,False,False,False,False,Materials Project,True,False,core,True
mp-1213392,CsGd(MoO4)2,"Cs,Gd,Mo,O",3.082,0.0,False,data\eu_candidates\cifs\mp-1213392__CsGd_MoO4_2.cif,True,False,False,True,False,False,False,False,True,Materials Project,True,False,core,True
mp-573001,CsGd(PO3)4,"Cs,Gd,O,P",3.418299999999999,0.0,False,data\eu_candidates\cifs\mp-573001__CsGd_PO3_4.cif,True,False,False,True,False,False,False,False,True,Materials Project,True,False,core,True
mp-1213254,CsGd(WO4)2,"Cs,Gd,O,W",3.0973,0.0,False,data\eu_candidates\cifs\mp-1213254__CsGd_WO4_2.cif,True,False,False,True,False,False,False,False,True,Materials Project,True,False,core,True
mp-1213137,CsK2LaV2O8,"Cs,K,La,O,V",3.7121,0.0,False,data\eu_candidates\cifs\mp-1213137__CsK2LaV2O8.cif,True,False,False,False,True,False,False,False,True,Materials Project,True,False,core,True
mp-8564,CsK2Sc(PO4)2,"Cs,K,O,P,Sc",4.0983,0.0,False,data\eu_candidates\cifs\mp-8564__CsK2Sc_PO4_2.cif,True,False,False,False,False,False,True,False,True,Materials Project,True,False,core,True
mp-1213151,CsLa(MoO4)2,"Cs,La,Mo,O",3.3379,0.015404486851858,False,data\eu_candidates\cifs\mp-1213151__CsLa_MoO4_2.cif,True,False,False,False,True,False,False,False,True,Materials Project,True,False,core,True
mp-559234,CsLa(PO3)4,"Cs,La,O,P",5.0449,0.0,False,data\eu_candidates\cifs\mp-559234__CsLa_PO3_4.cif,True,False,False,False,True,False,False,False,True,Materials Project,True,False,core,True
mp-1213173,CsLa(WO4)2,"Cs,La,O,W",3.649499999999999,0.0,False,data\eu_candidates\cifs\mp-1213173__CsLa_WO4_2.cif,True,False,False,False,True,False,False,False,True,Materials Project,True,False,core,True
mp-1213076,CsLu(MoO4)2,"Cs,Lu,Mo,O",3.6904,0.0,False,data\eu_candidates\cifs\mp-1213076__CsLu_MoO4_2.cif,True,False,False,False,False,True,False,False,True,Materials Project,True,False,core,True
mp-554854,CsLuP2O7,"Cs,Lu,O,P",5.2702,0.0,False,data\eu_candidates\cifs\mp-554854__CsLuP2O7.cif,True,False,False,False,False,True,False,False,True,Materials Project,True,False,core,True
mp-1213157,CsSc(WO4)2,"Cs,O,Sc,W",4.1422,0.0,False,data\eu_candidates\cifs\mp-1213157__CsSc_WO4_2.cif,True,False,False,False,False,False,True,False,True,Materials Project,True,False,core,True
mp-1213231,CsY(MoO4)2,"Cs,Mo,O,Y",3.9764,0.0,False,data\eu_candidates\cifs\mp-1213231__CsY_MoO4_2.cif,True,False,True,False,False,False,False,False,True,Materials Project,True,False,core,True
mp-1019725,CsY(PO3)4,"Cs,O,P,Y",5.5193,0.005703632569443,False,data\eu_candidates\cifs\mp-1019725__CsY_PO3_4.cif,True,False,True,False,False,False,False,False,True,Materials Project,True,False,core,True
mp-1213335,CsY(WO4)2,"Cs,O,W,Y",3.4186,0.0,False,data\eu_candidates\cifs\mp-1213335__CsY_WO4_2.cif,True,False,True,False,False,False,False,False,True,Materials Project,True,False,core,True
mp-771163,CsY3O5,"Cs,O,Y",3.8051,0.005671224861107,False,data\eu_candidates\cifs\mp-771163__CsY3O5.cif,True,False,True,False,False,False,False,False,True,Materials Project,True,False,core,True
mp-541412,CsYP2O7,"Cs,O,P,Y",5.1175,0.0,False,data\eu_candidates\cifs\mp-541412__CsYP2O7.cif,True,False,True,False,False,False,False,False,True,Materials Project,True,False,core,True
mp-579125,Gd(PO3)3,"Gd,O,P",3.4526,0.0,False,data\eu_candidates\cifs\mp-579125__Gd_PO3_3.cif,True,False,False,True,False,False,False,False,True,Materials Project,True,False,core,True
mp-3572,Gd2(MoO4)3,"Gd,Mo,O",3.2407,0.0,False,data\eu_candidates\cifs\mp-3572__Gd2_MoO4_3.cif,True,False,False,True,False,False,False,False,True,Materials Project,True,False,core,True
mp-778228,Gd2(WO4)3,"Gd,O,W",3.8025,0.0214464467647,False,data\eu_candidates\cifs\mp-778228__Gd2_WO4_3.cif,True,False,False,True,False,False,False,False,True,Materials Project,True,False,core,True
mp-650715,Gd2Be2GeO7,"Be,Gd,Ge,O",3.2809,0.0,False,data\eu_candidates\cifs\mp-650715__Gd2Be2GeO7.cif,True,True,False,True,False,False,False,False,True,Materials Project,True,False,core,True
mp-1196136,Gd2Ge(BO4)2,"B,Gd,Ge,O",3.183799999999999,0.014029263910254,False,data\eu_candidates\cifs\mp-1196136__Gd2Ge_BO4_2.cif,True,True,False,True,False,False,False,False,True,Materials Project,True,False,core,True
mp-1213333,Gd2Hf2(MoO4)7,"Gd,Hf,Mo,O",3.094,0.0,False,data\eu_candidates\cifs\mp-1213333__Gd2Hf2_MoO4_7.cif,True,False,False,True,False,False,False,False,True,Materials Project,True,False,core,True
mp-754041,Gd2HfO5,"Gd,Hf,O",3.202299999999999,0.028684817500002,False,data\eu_candidates\cifs\mp-754041__Gd2HfO5.cif,True,False,False,True,False,False,False,False,True,Materials Project,True,False,core,True
mp-704238,Gd2Mo5O18,"Gd,Mo,O",3.1154,0.007943524499992,False,data\eu_candidates\cifs\mp-704238__Gd2Mo5O18.cif,True,False,False,True,False,False,False,False,True,Materials Project,True,False,core,True
mp-772787,Gd2P4O13,"Gd,O,P",3.3033,0.0,False,data\eu_candidates\cifs\mp-772787__Gd2P4O13.cif,True,False,False,True,False,False,False,False,True,Materials Project,True,False,core,True
mp-13775,Gd2Si2O7,"Gd,O,Si",3.2104,0.0,False,data\eu_candidates\cifs\mp-13775__Gd2Si2O7.cif,True,False,False,True,False,False,False,False,True,Materials Project,True,False,core,True
mp-542831,Gd2SiO5,"Gd,O,Si",3.0808,0.0,False,data\eu_candidates\cifs\mp-542831__Gd2SiO5.cif,True,False,False,True,False,False,False,False,True,Materials Project,True,False,core,True
mp-557626,Gd2TiO5,"Gd,O,Ti",3.1401,0.0,False,data\eu_candidates\cifs\mp-557626__Gd2TiO5.cif,True,False,False,True,False,False,False,False,True,Materials Project,True,False,core,True
mp-14133,Gd3Al5O12,"Al,Gd,O",3.4609,0.0,False,data\eu_candidates\cifs\mp-14133__Gd3Al5O12.cif,True,False,False,True,False,False,False,False,True,Materials Project,True,False,core,True
mp-561177,Gd3BWO9,"B,Gd,O,W",3.2389,0.006823297797613,False,data\eu_candidates\cifs\mp-561177__Gd3BWO9.cif,True,False,False,True,False,False,False,False,True,Materials Project,True,False,core,True
mp-756715,Gd3InO6,"Gd,In,O",3.0601,0.010454686333336,False,data\eu_candidates\cifs\mp-756715__Gd3InO6.cif,True,False,False,True,False,False,False,True,True,Materials Project,True,False,core,True
mp-1213450,Gd3Lu2(GaO4)3,"Ga,Gd,Lu,O",3.078999999999999,0.0,False,data\eu_candidates\cifs\mp-1213450__Gd3Lu2_GaO4_3.cif,True,False,False,True,False,True,False,False,True,Materials Project,True,False,core,True
mp-1213017,Gd3Sc2Al3O12,"Al,Gd,O,Sc",3.2885,0.0,False,data\eu_candidates\cifs\mp-1213017__Gd3Sc2Al3O12.cif,True,False,False,True,False,False,True,False,True,Materials Project,True,False,core,True
mp-1224723,Gd3Y13O24,"Gd,O,Y",3.4815,0.000920032234375,False,data\eu_candidates\cifs\mp-1224723__Gd3Y13O24.cif,True,False,True,True,False,False,False,False,True,Materials Project,True,False,core,True
mp-757331,Gd3Y5O12,"Gd,O,Y",3.2729,0.00082353821875,False,data\eu_candidates\cifs\mp-757331__Gd3Y5O12.cif,True,False,True,True,False,False,False,False,True,Materials Project,True,False,core,True
mp-752434,Gd3YO6,"Gd,O,Y",3.1799,0.016632514187499,False,data\eu_candidates\cifs\mp-752434__Gd3YO6.cif,True,False,True,True,False,False,False,False,True,Materials Project,True,False,core,True
mp-1178283,Gd4Ga2O9,"Ga,Gd,O",3.085299999999999,0.013590788166652,False,data\eu_candidates\cifs\mp-1178283__Gd4Ga2O9.cif,True,False,False,True,False,False,False,False,True,Materials Project,True,False,core,True
mp-752459,Gd5Y3O12,"Gd,O,Y",3.065,0.000365934031249,False,data\eu_candidates\cifs\mp-752459__Gd5Y3O12.cif,True,False,True,True,False,False,False,False,True,Materials Project,True,False,core,True
mp-5223,GdAlO3,"Al,Gd,O",3.2382,0.008384388900003,False,data\eu_candidates\cifs\mp-5223__GdAlO3.cif,True,False,False,True,False,False,False,False,True,Materials Project,True,False,core,True
mp-776200,GdAsO4,"As,Gd,O",3.4222,0.0,False,data\eu_candidates\cifs\mp-776200__GdAsO4.cif,True,False,False,True,False,False,False,False,True,Materials Project,True,False,core,True
mp-1194303,GdBO3,"B,Gd,O",3.1001,0.0,False,data\eu_candidates\cifs\mp-1194303__GdBO3.cif,True,False,False,True,False,False,False,False,True,Materials Project,True,False,core,True
mp-651847,GdGaGe2O7,"Ga,Gd,Ge,O",3.092399999999999,0.018606887893939,False,data\eu_candidates\cifs\mp-651847__GdGaGe2O7.cif,True,True,False,True,False,False,False,False,True,Materials Project,True,False,core,True
mp-558487,GdP5O14,"Gd,O,P",3.180799999999999,0.0,False,data\eu_candidates\cifs\mp-558487__GdP5O14.cif,True,False,False,True,False,False,False,False,True,Materials Project,True,False,core,True
mp-1103324,GdPO4,"Gd,O,P",3.2910999999999992,0.0,False,data\eu_candidates\cifs\mp-1103324__GdPO4.cif,True,False,False,True,False,False,False,False,True,Materials Project,True,False,core,True
mp-5690,GdScO3,"Gd,O,Sc",3.1418,0.011744571875,False,data\eu_candidates\cifs\mp-5690__GdScO3.cif,True,False,False,True,False,False,True,False,True,Materials Project,True,False,core,True
mp-4875,GdTaO4,"Gd,O,Ta",3.3217,0.0,False,data\eu_candidates\cifs\mp-4875__GdTaO4.cif,True,False,False,True,False,False,False,False,True,Materials Project,True,False,core,True
mp-766090,Hf3Sc4O12,"Hf,O,Sc",4.2033,0.016011020263151,False,data\eu_candidates\cifs\mp-766090__Hf3Sc4O12.cif,True,False,False,False,False,False,True,False,True,Materials Project,True,False,core,True
mp-1223764,K2Ba5(Si2O5)6,"Ba,K,O,Si",4.71,0.000400550969404,False,data\eu_candidates\cifs\mp-1223764__K2Ba5_Si2O5_6.cif,True,False,False,False,False,False,False,False,False,Materials Project,True,False,core,True
mp-1224055,K2Ba7(Si2O5)8,"Ba,K,O,Si",4.5136,0.0,False,data\eu_candidates\cifs\mp-1224055__K2Ba7_Si2O5_8.cif,True,False,False,False,False,False,False,False,False,Materials Project,True,False,core,True
mp-1019747,K2Ca3Si3O10,"Ca,K,O,Si",4.1123,0.0,False,data\eu_candidates\cifs\mp-1019747__K2Ca3Si3O10.cif,True,False,False,False,False,False,False,False,False,Materials Project,True,False,core,True
mp-1019746,K2Ca4Si8O21,"Ca,K,O,Si",4.594,0.0,False,data\eu_candidates\cifs\mp-1019746__K2Ca4Si8O21.cif,True,False,False,False,False,False,False,False,False,Materials Project,True,False,core,True
mp-557367,K2CaAs2O7,"As,Ca,K,O",3.513,0.0,False,data\eu_candidates\cifs\mp-557367__K2CaAs2O7.cif,True,False,False,False,False,False,False,False,False,Materials Project,True,False,core,True
mp-555914,K2CaP2O7,"Ca,K,O,P",4.8873,0.0,False,data\eu_candidates\cifs\mp-555914__K2CaP2O7.cif,True,False,False,False,False,False,False,False,False,Materials Project,True,False,core,True
mp-1019777,K2La2B2O7,"B,K,La,O",4.2792,0.0,False,data\eu_candidates\cifs\mp-1019777__K2La2B2O7.cif,True,False,False,False,True,False,False,False,True,Materials Project,True,False,core,True
mp-677250,K2LuZr(PO4)3,"K,Lu,O,P,Zr",4.3228,0.0,False,data\eu_candidates\cifs\mp-677250__K2LuZr_PO4_3.cif,True,False,False,False,False,True,False,False,True,Materials Project,True,False,core,True
mp-680381,K2Na2Gd4Nb2O13,"Gd,K,Na,Nb,O",3.0952,0.0,False,data\eu_candidates\cifs\mp-680381__K2Na2Gd4Nb2O13.cif,True,False,False,True,False,False,False,False,True,Materials Project,True,False,core,True
mp-21331,K2RbGdV2O8,"Gd,K,O,Rb,V",3.3892,0.0,False,data\eu_candidates\cifs\mp-21331__K2RbGdV2O8.cif,True,False,False,True,False,False,False,False,True,Materials Project,True,False,core,True
mp-1211738,K2RbLaV2O8,"K,La,O,Rb,V",3.4692,0.0,False,data\eu_candidates\cifs\mp-1211738__K2RbLaV2O8.cif,True,False,False,False,True,False,False,False,True,Materials Project,True,False,core,True
mp-1211699,K2RbLuV2O8,"K,Lu,O,Rb,V",3.3743,0.0,False,data\eu_candidates\cifs\mp-1211699__K2RbLuV2O8.cif,True,False,False,False,False,True,False,False,True,Materials Project,True,False,core,True
mp-1211745,K2RbScV2O8,"K,O,Rb,Sc,V",3.0768,0.0,False,data\eu_candidates\cifs\mp-1211745__K2RbScV2O8.cif,True,False,False,False,False,False,True,False,True,Materials Project,True,False,core,True
mp-1211701,K2RbYV2O8,"K,O,Rb,V,Y",3.3843,0.0,False,data\eu_candidates\cifs\mp-1211701__K2RbYV2O8.cif,True,False,True,False,False,False,False,False,True,Materials Project,True,False,core,True
mp-1225084,K2Sc2Mo(PO6)2,"K,Mo,O,P,Sc",3.0902,0.0,False,data\eu_candidates\cifs\mp-1225084__K2Sc2Mo_PO6_2.cif,True,False,False,False,False,False,True,False,True,Materials Project,True,False,core,True
mp-1224963,K2Sc2P2WO12,"K,O,P,Sc,W",3.721799999999999,0.00422749864035,False,data\eu_candidates\cifs\mp-1224963__K2Sc2P2WO12.cif,True,False,False,False,False,False,True,False,True,Materials Project,True,False,core,True
mp-558990,K2Sr(PO3)4,"K,O,P,Sr",5.6094,0.0,False,data\eu_candidates\cifs\mp-558990__K2Sr_PO3_4.cif,True,False,False,False,False,False,False,False,False,Materials Project,True,False,core,True
mp-557747,K2SrP2O7,"K,O,P,Sr",4.8616,0.0,False,data\eu_candidates\cifs\mp-557747__K2SrP2O7.cif,True,False,False,False,False,False,False,False,False,Materials Project,True,False,core,True
mp-19075,K2SrV4O12,"K,O,Sr,V",3.0368,0.0,False,data\eu_candidates\cifs\mp-19075__K2SrV4O12.cif,True,False,False,False,False,False,False,False,False,Materials Project,True,False,core,True
mp-1200300,K2SrVB5O12,"B,K,O,Sr,V",3.9009,0.0,False,data\eu_candidates\cifs\mp-1200300__K2SrVB5O12.cif,True,False,False,False,False,False,False,False,False,Materials Project,True,False,core,True
mp-532704,K2YHf(PO4)3,"Hf,K,O,P,Y",4.7808,0.0,False,data\eu_candidates\cifs\mp-532704__K2YHf_PO4_3.cif,True,False,True,False,False,False,False,False,True,Materials Project,True,False,core,True
mp-532727,K2YZr(PO4)3,"K,O,P,Y,Zr",4.5764,0.0,False,data\eu_candidates\cifs\mp-532727__K2YZr_PO4_3.cif,True,False,True,False,False,False,False,False,True,Materials Project,True,False,core,True
mp-680437,K3GdSi2O7,"Gd,K,O,Si",3.1454,0.0,False,data\eu_candidates\cifs\mp-680437__K3GdSi2O7.cif,True,False,False,True,False,False,False,False,True,Materials Project,True,False,core,True
mp-975577,K3La(AsO4)2,"As,K,La,O",3.882099999999999,0.0,False,data\eu_candidates\cifs\mp-975577__K3La_AsO4_2.cif,True,False,False,False,True,False,False,False,True,Materials Project,True,False,core,True
mp-1019793,K3La(PO4)2,"K,La,O,P",4.662000000000001,0.0,False,data\eu_candidates\cifs\mp-1019793__K3La_PO4_2.cif,True,False,False,False,True,False,False,False,True,Materials Project,True,False,core,True
mp-18150,K3Lu(PO4)2,"K,Lu,O,P",4.9407,0.0,False,data\eu_candidates\cifs\mp-18150__K3Lu_PO4_2.cif,True,False,False,False,False,True,False,False,True,Materials Project,True,False,core,True
mp-653861,K3Lu(SiO3)3,"K,Lu,O,Si",3.4819,0.005258606999997,False,data\eu_candidates\cifs\mp-653861__K3Lu_SiO3_3.cif,True,False,False,False,False,True,False,False,True,Materials Project,True,False,core,True
mp-557543,K3LuSi2O7,"K,Lu,O,Si",3.6132,0.0,False,data\eu_candidates\cifs\mp-557543__K3LuSi2O7.cif,True,False,False,False,False,True,False,False,True,Materials Project,True,False,core,True
mp-1224320,K3Na9Sr4(BO2)20,"B,K,Na,O,Sr",4.4954,0.000913301792752,False,data\eu_candidates\cifs\mp-1224320__K3Na9Sr4_BO2_20.cif,True,False,False,False,False,False,False,False,False,Materials Project,True,False,core,True
mp-555776,K3Sc(MoO4)3,"K,Mo,O,Sc",3.971,0.0,False,data\eu_candidates\cifs\mp-555776__K3Sc_MoO4_3.cif,True,False,False,False,False,False,True,False,True,Materials Project,True,False,core,True
mp-17035,K3Sc(PO4)2,"K,O,P,Sc",4.2962,0.0,False,data\eu_candidates\cifs\mp-17035__K3Sc_PO4_2.cif,True,False,False,False,False,False,True,False,True,Materials Project,True,False,core,True
mp-557577,K3ScSi2O7,"K,O,Sc,Si",3.6378,0.0,False,data\eu_candidates\cifs\mp-557577__K3ScSi2O7.cif,True,False,False,False,False,False,True,False,True,Materials Project,True,False,core,True
mp-1104363,K3ScV2O8,"K,O,Sc,V",3.0893,0.0,False,data\eu_candidates\cifs\mp-1104363__K3ScV2O8.cif,True,False,False,False,False,False,True,False,True,Materials Project,True,False,core,True
mp-555495,K3Y(BO3)2,"B,K,O,Y",3.1826,0.0,False,data\eu_candidates\cifs\mp-555495__K3Y_BO3_2.cif,True,False,True,False,False,False,False,False,True,Materials Project,True,False,core,True
mp-642313,K3Y3(BO3)4,"B,K,O,Y",4.3171,0.0,False,data\eu_candidates\cifs\mp-642313__K3Y3_BO3_4.cif,True,False,True,False,False,False,False,False,True,Materials Project,True,False,core,True
mp-1105034,K3YV2O8,"K,O,V,Y",3.4086,0.0,False,data\eu_candidates\cifs\mp-1105034__K3YV2O8.cif,True,False,True,False,False,False,False,False,True,Materials Project,True,False,core,True
mp-557584,K4Ba(GeO3)3,"Ba,Ge,K,O",3.2348,0.0,False,data\eu_candidates\cifs\mp-557584__K4Ba_GeO3_3.cif,True,True,False,False,False,False,False,False,False,Materials Project,True,False,core,True
mp-558347,K4Ba(SiO3)3,"Ba,K,O,Si",4.2288,0.002014082058829,False,data\eu_candidates\cifs\mp-558347__K4Ba_SiO3_3.cif,True,False,False,False,False,False,False,False,False,Materials Project,True,False,core,True
mp-1203528,K4BaV6O18,"Ba,K,O,V",3.0658,0.001429640172428,False,data\eu_candidates\cifs\mp-1203528__K4BaV6O18.cif,True,False,False,False,False,False,False,False,False,Materials Project,True,False,core,True
mp-560535,K4Sr(SiO3)3,"K,O,Si,Sr",4.1609,0.0,False,data\eu_candidates\cifs\mp-560535__K4Sr_SiO3_3.cif,True,False,False,False,False,False,False,False,False,Materials Project,True,False,core,True
mp-1224538,K5LuHf(MoO4)6,"Hf,K,Lu,Mo,O",3.8503,0.004352707939203,False,data\eu_candidates\cifs\mp-1224538__K5LuHf_MoO4_6.cif,True,False,False,False,False,True,False,False,True,Materials Project,True,False,core,True
mp-560320,KBa2(PO3)5,"Ba,K,O,P",5.32,0.0,False,data\eu_candidates\cifs\mp-560320__KBa2_PO3_5.cif,True,False,False,False,False,False,False,False,False,Materials Project,True,False,core,True
mp-1223606,KBa2Zn3B9O19,"B,Ba,K,O,Zn",3.6287,0.007249001139695,False,data\eu_candidates\cifs\mp-1223606__KBa2Zn3B9O19.cif,True,False,False,False,False,False,False,False,False,Materials Project,True,False,core,True
mp-706815,KBa7Al15Si17O64,"Al,Ba,K,O,Si",4.1533,0.022759083076923,False,data\eu_candidates\cifs\mp-706815__KBa7Al15Si17O64.cif,True,False,False,False,False,False,False,False,False,Materials Project,True,False,core,True
mp-677121,KBaAl3Si5O16,"Al,Ba,K,O,Si",4.7146,0.009502917307693,False,data\eu_candidates\cifs\mp-677121__KBaAl3Si5O16.cif,True,False,False,False,False,False,False,False,False,Materials Project,True,False,core,True
mp-1192590,KBaAsO4,"As,Ba,K,O",3.8409,0.0,False,data\eu_candidates\cifs\mp-1192590__KBaAsO4.cif,True,False,False,False,False,False,False,False,False,Materials Project,True,False,core,True
mp-1223526,KBaB(PO4)2,"B,Ba,K,O,P",5.302799999999999,0.0,False,data\eu_candidates\cifs\mp-1223526__KBaB_PO4_2.cif,True,False,False,False,False,False,False,False,False,Materials Project,True,False,core,True
mp-557420,KBaB5O9,"B,Ba,K,O",5.0637,0.0,False,data\eu_candidates\cifs\mp-557420__KBaB5O9.cif,True,False,False,False,False,False,False,False,False,Materials Project,True,False,core,True
mp-695157,KBaIn2(PO4)3,"Ba,In,K,O,P",3.593499999999999,0.002951948947369,False,data\eu_candidates\cifs\mp-695157__KBaIn2_PO4_3.cif,True,False,False,False,False,False,False,True,True,Materials Project,True,False,core,True
mp-6812,KBaPO4,"Ba,K,O,P",4.950299999999999,0.0,False,data\eu_candidates\cifs\mp-6812__KBaPO4.cif,True,False,False,False,False,False,False,False,False,Materials Project,True,False,core,True
mp-1223694,KBaV3Cd2O11,"Ba,Cd,K,O,V",3.066,0.0,False,data\eu_candidates\cifs\mp-1223694__KBaV3Cd2O11.cif,True,False,False,False,False,False,False,False,False,Materials Project,True,False,core,True
mp-18892,KBaVO4,"Ba,K,O,V",3.9819,0.0,False,data\eu_candidates\cifs\mp-18892__KBaVO4.cif,True,False,False,False,False,False,False,False,False,Materials Project,True,False,core,True
mp-1223465,KBaY(BO2)6,"B,Ba,K,O,Y",5.3259,0.015872166230163,False,data\eu_candidates\cifs\mp-1223465__KBaY_BO2_6.cif,True,False,True,False,False,False,False,False,True,Materials Project,True,False,core,True
mp-1223458,KBaY(BO3)2,"B,Ba,K,O,Y",3.9314,0.0,False,data\eu_candidates\cifs\mp-1223458__KBaY_BO3_2.cif,True,False,True,False,False,False,False,False,True,Materials Project,True,False,core,True
mp-559670,KBaYSi2O7,"Ba,K,O,Si,Y",4.6841,0.0,False,data\eu_candidates\cifs\mp-559670__KBaYSi2O7.cif,True,False,True,False,False,False,False,False,True,Materials Project,True,False,core,True
mp-11625,KCa(PO3)3,"Ca,K,O,P",5.0471,0.0,False,data\eu_candidates\cifs\mp-11625__KCa_PO3_3.cif,True,False,False,False,False,False,False,False,False,Materials Project,True,False,core,True
mp-6813,KCa10(PO4)7,"Ca,K,O,P",5.2646,0.0,False,data\eu_candidates\cifs\mp-6813__KCa10_PO4_7.cif,True,False,False,False,False,False,False,False,False,Materials Project,True,False,core,True
mp-555127,KCa10V7O28,"Ca,K,O,V",3.8048,0.0,False,data\eu_candidates\cifs\mp-555127__KCa10V7O28.cif,True,False,False,False,False,False,False,False,False,Materials Project,True,False,core,True
mp-693620,KCa2Be2Al(Si2O5)6,"Al,Be,Ca,K,O,Si",4.869,0.0,False,data\eu_candidates\cifs\mp-693620__KCa2Be2Al_Si2O5_6.cif,True,False,False,False,False,False,False,False,False,Materials Project,True,False,core,True
mp-1224080,KCa2Mg2V3O12,"Ca,K,Mg,O,V",3.3434,0.0,False,data\eu_candidates\cifs\mp-1224080__KCa2Mg2V3O12.cif,True,False,False,False,False,False,False,False,False,Materials Project,True,False,core,True
mp-555023,KCa4(BO3)3,"B,Ca,K,O",4.5893,0.0,False,data\eu_candidates\cifs\mp-555023__KCa4_BO3_3.cif,True,False,False,False,False,False,False,False,False,Materials Project,True,False,core,True
mp-534793,KCa5Mg5Al(SiO3)12,"Al,Ca,K,Mg,O,Si",5.099399999999999,0.024673306222228,False,data\eu_candidates\cifs\mp-534793__KCa5Mg5Al_SiO3_12.cif,True,False,False,False,False,False,False,False,False,Materials Project,True,False,core,True
mp-9468,KCa9Mg(PO4)7,"Ca,K,Mg,O,P",5.3098,0.0,False,data\eu_candidates\cifs\mp-9468__KCa9Mg_PO4_7.cif,True,False,False,False,False,False,False,False,False,Materials Project,True,False,core,True
mp-1211580,KGd(MoO4)2,"Gd,K,Mo,O",3.1729,0.0,False,data\eu_candidates\cifs\mp-1211580__KGd_MoO4_2.cif,True,False,False,True,False,False,False,False,True,Materials Project,True,False,core,True
mp-559799,KGd(PO3)4,"Gd,K,O,P",3.482599999999999,0.0,False,data\eu_candidates\cifs\mp-559799__KGd_PO3_4.cif,True,False,False,True,False,False,False,False,True,Materials Project,True,False,core,True
mp-505647,KGd(WO4)2,"Gd,K,O,W",3.247499999999999,0.0,False,data\eu_candidates\cifs\mp-505647__KGd_WO4_2.cif,True,False,False,True,False,False,False,False,True,Materials Project,True,False,core,True
mp-757021,KGdO2,"Gd,K,O",3.05,0.0,False,data\eu_candidates\cifs\mp-757021__KGdO2.cif,True,False,False,True,False,False,False,False,True,Materials Project,True,False,core,True
mp-1211443,KLa(MoO4)2,"K,La,Mo,O",3.3346,0.0,False,data\eu_candidates\cifs\mp-1211443__KLa_MoO4_2.cif,True,False,False,False,True,False,False,False,True,Materials Project,True,False,core,True
mp-540962,KLa(PO3)4,"K,La,O,P",4.8558,0.0,False,data\eu_candidates\cifs\mp-540962__KLa_PO3_4.cif,True,False,False,False,True,False,False,False,True,Materials Project,True,False,core,True
mp-1211473,KLa(WO4)2,"K,La,O,W",3.854899999999999,0.0,False,data\eu_candidates\cifs\mp-1211473__KLa_WO4_2.cif,True,False,False,False,True,False,False,False,True,Materials Project,True,False,core,True
mp-554034,KLa2NbO6,"K,La,Nb,O",3.7476,0.0,False,data\eu_candidates\cifs\mp-554034__KLa2NbO6.cif,True,False,False,False,True,False,False,False,True,Materials Project,True,False,core,True
mp-7958,KLaO2,"K,La,O",3.8596,0.0,False,data\eu_candidates\cifs\mp-7958__KLaO2.cif,True,False,False,False,True,False,False,False,True,Materials Project,True,False,core,True
mp-1211421,KLu(MoO4)2,"K,Lu,Mo,O",3.9992,0.0,False,data\eu_candidates\cifs\mp-1211421__KLu_MoO4_2.cif,True,False,False,False,False,True,False,False,True,Materials Project,True,False,core,True
mp-18719,KLu(WO4)2,"K,Lu,O,W",3.2486,0.0,False,data\eu_candidates\cifs\mp-18719__KLu_WO4_2.cif,True,False,False,False,False,True,False,False,True,Materials Project,True,False,core,True
mp-1178135,KLuO2,"K,Lu,O",3.940399999999999,0.0,False,data\eu_candidates\cifs\mp-1178135__KLuO2.cif,True,False,False,False,False,True,False,False,True,Materials Project,True,False,core,True
mp-559395,KLuP2O7,"K,Lu,O,P",5.212099999999999,0.0,False,data\eu_candidates\cifs\mp-559395__KLuP2O7.cif,True,False,False,False,False,True,False,False,True,Materials Project,True,False,core,True
mp-555155,KNa2Y(Si2O5)3,"K,Na,O,Si,Y",4.9016,0.0,False,data\eu_candidates\cifs\mp-555155__KNa2Y_Si2O5_3.cif,True,False,True,False,False,False,False,False,True,Materials Project,True,False,core,True
mp-1223475,KNaCaTh(Si2O5)4,"Ca,K,Na,O,Si,Th",4.908,0.0,False,data\eu_candidates\cifs\mp-1223475__KNaCaTh_Si2O5_4.cif,True,False,False,False,False,False,False,False,False,Materials Project,True,False,core,True
mp-10942,KNaLaNbO5,"K,La,Na,Nb,O",3.6387,0.0,False,data\eu_candidates\cifs\mp-10942__KNaLaNbO5.cif,True,False,False,False,True,False,False,False,True,Materials Project,True,False,core,True
mp-861868,KNaLaTaO5,"K,La,Na,O,Ta",3.715099999999999,0.0,False,data\eu_candidates\cifs\mp-861868__KNaLaTaO5.cif,True,False,False,False,True,False,False,False,True,Materials Project,True,False,core,True
mp-1223494,KNaSr8(BO3)6,"B,K,Na,O,Sr",3.7852,0.009124780147089,False,data\eu_candidates\cifs\mp-1223494__KNaSr8_BO3_6.cif,True,False,False,False,False,False,False,False,False,Materials Project,True,False,core,True
mp-18837,KSc(MoO4)2,"K,Mo,O,Sc",3.615999999999998,0.0,False,data\eu_candidates\cifs\mp-18837__KSc_MoO4_2.cif,True,False,False,False,False,False,True,False,True,Materials Project,True,False,core,True
mp-1211497,KSc(WO4)2,"K,O,Sc,W",3.1121,0.0,False,data\eu_candidates\cifs\mp-1211497__KSc_WO4_2.cif,True,False,False,False,False,False,True,False,True,Materials Project,True,False,core,True
mp-8188,KScO2,"K,O,Sc",3.624099999999999,0.0,False,data\eu_candidates\cifs\mp-8188__KScO2.cif,True,False,False,False,False,False,True,False,True,Materials Project,True,False,core,True
mp-554346,KSr4(BO3)3,"B,K,O,Sr",4.173,0.0,False,data\eu_candidates\cifs\mp-554346__KSr4_BO3_3.cif,True,False,False,False,False,False,False,False,False,Materials Project,True,False,core,True
mp-1211967,KSr6Sc(SiO4)4,"K,O,Sc,Si,Sr",4.294,0.0,False,data\eu_candidates\cifs\mp-1211967__KSr6Sc_SiO4_4.cif,True,False,False,False,False,False,True,False,True,Materials Project,True,False,core,True
mp-1223450,KSrB(PO4)2,"B,K,O,P,Sr",5.2873,0.0,False,data\eu_candidates\cifs\mp-1223450__KSrB_PO4_2.cif,True,False,False,False,False,False,False,False,False,Materials Project,True,False,core,True
mp-556250,KSrB5O9,"B,K,O,Sr",5.3727,0.0,False,data\eu_candidates\cifs\mp-556250__KSrB5O9.cif,True,False,False,False,False,False,False,False,False,Materials Project,True,False,core,True
mp-17975,KSrPO4,"K,O,P,Sr",5.0889,0.0,False,data\eu_candidates\cifs\mp-17975__KSrPO4.cif,True,False,False,False,False,False,False,False,False,Materials Project,True,False,core,True
mp-556966,KSrVO4,"K,O,Sr,V",3.8457,0.0,False,data\eu_candidates\cifs\mp-556966__KSrVO4.cif,True,False,False,False,False,False,False,False,False,Materials Project,True,False,core,True
mp-19499,KY(MoO4)2,"K,Mo,O,Y",3.656,0.0,False,data\eu_candidates\cifs\mp-19499__KY_MoO4_2.cif,True,False,True,False,False,False,False,False,True,Materials Project,True,False,core,True
mp-541495,KY(PO3)4,"K,O,P,Y",5.3607,0.01160062048611,False,data\eu_candidates\cifs\mp-541495__KY_PO3_4.cif,True,False,True,False,False,False,False,False,True,Materials Project,True,False,core,True
mp-510264,KY(WO4)2,"K,O,W,Y",3.4953,0.0,False,data\eu_candidates\cifs\mp-510264__KY_WO4_2.cif,True,False,True,False,False,False,False,False,True,Materials Project,True,False,core,True
mp-8409,KYO2,"K,O,Y",3.973899999999999,0.0,False,data\eu_candidates\cifs\mp-8409__KYO2.cif,True,False,True,False,False,False,False,False,True,Materials Project,True,False,core,True
mp-554508,KYP2O7,"K,O,P,Y",5.065,0.0,False,data\eu_candidates\cifs\mp-554508__KYP2O7.cif,True,False,True,False,False,False,False,False,True,Materials Project,True,False,core,True
mp-4658,La(BO2)3,"B,La,O",4.543200000000001,0.004162850599991,False,data\eu_candidates\cifs\mp-4658__La_BO2_3.cif,True,False,False,False,True,False,False,False,True,Materials Project,True,False,core,True
mp-9646,La(PO3)3,"La,O,P",4.6293,0.0,False,data\eu_candidates\cifs\mp-9646__La_PO3_3.cif,True,False,False,False,True,False,False,False,True,Materials Project,True,False,core,True
mp-531302,La10(Si2O9)3,"La,O,Si",3.3817,0.024278180697676,False,data\eu_candidates\cifs\mp-531302__La10_Si2O9_3.cif,True,False,False,False,True,False,False,False,True,Materials Project,True,False,core,True
mp-703350,La2(GeO3)3,"Ge,La,O",3.091,0.022671850357142,False,data\eu_candidates\cifs\mp-703350__La2_GeO3_3.cif,True,True,False,False,True,False,False,False,True,Materials Project,True,False,core,True
mp-554402,La2(MoO4)3,"La,Mo,O",3.6634,0.0,False,data\eu_candidates\cifs\mp-554402__La2_MoO4_3.cif,True,False,False,False,True,False,False,False,True,Materials Project,True,False,core,True
mp-16808,La2(WO4)3,"La,O,W",4.0757,0.019065637499995,False,data\eu_candidates\cifs\mp-16808__La2_WO4_3.cif,True,False,False,False,True,False,False,False,True,Materials Project,True,False,core,True
mp-759763,La26B8O51,"B,La,O",3.484399999999999,0.0,False,data\eu_candidates\cifs\mp-759763__La26B8O51.cif,True,False,False,False,True,False,False,False,True,Materials Project,True,False,core,True
mp-752449,La2B4O9,"B,La,O",4.4924,0.008158094066667,False,data\eu_candidates\cifs\mp-752449__La2B4O9.cif,True,False,False,False,True,False,False,False,True,Materials Project,True,False,core,True
mp-1019892,La2B8O15,"B,La,O",4.427700000000001,0.022939711999999,False,data\eu_candidates\cifs\mp-1019892__La2B8O15.cif,True,False,False,False,True,False,False,False,True,Materials Project,True,False,core,True
mp-19926,La2Be2GeO7,"Be,Ge,La,O",4.130699999999999,0.0,False,data\eu_candidates\cifs\mp-19926__La2Be2GeO7.cif,True,True,False,False,True,False,False,False,True,Materials Project,True,False,core,True
mp-621945,La2Ge2O7,"Ge,La,O",3.7144,0.0,False,data\eu_candidates\cifs\mp-621945__La2Ge2O7.cif,True,True,False,False,True,False,False,False,True,Materials Project,True,False,core,True
mp-638261,La2GeO5,"Ge,La,O",4.021000000000001,0.0,False,data\eu_candidates\cifs\mp-638261__La2GeO5.cif,True,True,False,False,True,False,False,False,True,Materials Project,True,False,core,True
mp-12533,La2Hf2O7,"Hf,La,O",4.2879,0.0,False,data\eu_candidates\cifs\mp-12533__La2Hf2O7.cif,True,False,False,False,True,False,False,False,True,Materials Project,True,False,core,True
mp-768234,La2HfO5,"Hf,La,O",4.304399999999999,0.023783967343753,False,data\eu_candidates\cifs\mp-768234__La2HfO5.cif,True,False,False,False,True,False,False,False,True,Materials Project,True,False,core,True
mp-11585,La2MgGeO6,"Ge,La,Mg,O",4.205000000000001,0.016260096249999,False,data\eu_candidates\cifs\mp-11585__La2MgGeO6.cif,True,True,False,False,True,False,False,False,True,Materials Project,True,False,core,True
mp-1211868,La2MgSnO6,"La,Mg,O,Sn",3.852900000000001,0.013782407625,False,data\eu_candidates\cifs\mp-1211868__La2MgSnO6.cif,True,False,False,False,True,False,False,False,True,Materials Project,True,False,core,True
mp-6457,La2MgTiO6,"La,Mg,O,Ti",3.064,0.008083122749999,False,data\eu_candidates\cifs\mp-6457__La2MgTiO6.cif,True,False,False,False,True,False,False,False,True,Materials Project,True,False,core,True
mp-30163,La2Mo4O15,"La,Mo,O",3.2612,0.00762944978174,False,data\eu_candidates\cifs\mp-30163__La2Mo4O15.cif,True,False,False,False,True,False,False,False,True,Materials Project,True,False,core,True
mp-1968,La2O3,"La,O",3.824799999999999,0.0,False,data\eu_candidates\cifs\mp-1968__La2O3.cif,True,False,False,False,True,False,False,False,True,Materials Project,True,False,core,True
mp-771240,La2P4O13,"La,O,P",4.923500000000001,0.014488093333342,False,data\eu_candidates\cifs\mp-771240__La2P4O13.cif,True,False,False,False,True,False,False,False,True,Materials Project,True,False,core,True
mp-5732,La2Si2O7,"La,O,Si",4.7992,0.0,False,data\eu_candidates\cifs\mp-5732__La2Si2O7.cif,True,False,False,False,True,False,False,False,True,Materials Project,True,False,core,True
mp-5152,La2SiO5,"La,O,Si",4.4804,0.0,False,data\eu_candidates\cifs\mp-5152__La2SiO5.cif,True,False,False,False,True,False,False,False,True,Materials Project,True,False,core,True
mp-675564,La2Th8O19,"La,O,Th",3.0896,0.022163405603448,False,data\eu_candidates\cifs\mp-675564__La2Th8O19.cif,True,False,False,False,True,False,False,False,True,Materials Project,True,False,core,True
mp-18051,La2TiO5,"La,O,Ti",3.288599999999999,0.0,False,data\eu_candidates\cifs\mp-18051__La2TiO5.cif,True,False,False,False,True,False,False,False,True,Materials Project,True,False,core,True
mp-30162,La2W2O9,"La,O,W",3.4485,0.016164252788462,False,data\eu_candidates\cifs\mp-30162__La2W2O9.cif,True,False,False,False,True,False,False,False,True,Materials Project,True,False,core,True
mp-774193,La2WO6,"La,O,W",3.6801999999999992,0.0,False,data\eu_candidates\cifs\mp-774193__La2WO6.cif,True,False,False,False,True,False,False,False,True,Materials Project,True,False,core,True
mp-4974,La2Zr2O7,"La,O,Zr",3.7346,0.0,False,data\eu_candidates\cifs\mp-4974__La2Zr2O7.cif,True,False,False,False,True,False,False,False,True,Materials Project,True,False,core,True
mp-1223112,La3Al2Ga3SnO14,"Al,Ga,La,O,Sn",3.6378,0.001950147608697,False,data\eu_candidates\cifs\mp-1223112__La3Al2Ga3SnO14.cif,True,False,False,False,True,False,False,False,True,Materials Project,True,False,core,True
mp-1178155,La3AlO6,"Al,La,O",4.2016,0.020073279125002,False,data\eu_candidates\cifs\mp-1178155__La3AlO6.cif,True,False,False,False,True,False,False,False,True,Materials Project,True,False,core,True
mp-554773,La3BWO9,"B,La,O,W",3.794799999999999,0.0,False,data\eu_candidates\cifs\mp-554773__La3BWO9.cif,True,False,False,False,True,False,False,False,True,Materials Project,True,False,core,True
mp-1223148,La3Ga5SiO14,"Ga,La,O,Si",3.6931,0.002892708985505,False,data\eu_candidates\cifs\mp-1223148__La3Ga5SiO14.cif,True,False,False,False,True,False,False,False,True,Materials Project,True,False,core,True
mp-6788,La3Ga5SnO14,"Ga,La,O,Sn",3.311399999999999,0.0,False,data\eu_candidates\cifs\mp-6788__La3Ga5SnO14.cif,True,False,False,False,True,False,False,False,True,Materials Project,True,False,core,True
mp-652961,La3GaGe5O16,"Ga,Ge,La,O",3.2526,0.014684831200002,False,data\eu_candidates\cifs\mp-652961__La3GaGe5O16.cif,True,True,False,False,True,False,False,False,True,Materials Project,True,False,core,True
mp-754150,La3GaO6,"Ga,La,O",4.004399999999999,0.002692316249992,False,data\eu_candidates\cifs\mp-754150__La3GaO6.cif,True,False,False,False,True,False,False,False,True,Materials Project,True,False,core,True
mp-1211281,La3HfGa5O14,"Ga,Hf,La,O",3.723099999999999,0.0,False,data\eu_candidates\cifs\mp-1211281__La3HfGa5O14.cif,True,False,False,False,True,False,False,False,True,Materials Project,True,False,core,True
mp-1211871,La3In2(GaO4)3,"Ga,In,La,O",3.3646000000000003,0.0,False,data\eu_candidates\cifs\mp-1211871__La3In2_GaO4_3.cif,True,False,False,False,True,False,False,True,True,Materials Project,True,False,core,True
mp-1212454,La3Lu2(GaO4)3,"Ga,La,Lu,O",3.285099999999999,0.0,False,data\eu_candidates\cifs\mp-1212454__La3Lu2_GaO4_3.cif,True,False,False,False,True,True,False,False,True,Materials Project,True,False,core,True
mp-1223326,La3Mg2TaO9,"La,Mg,O,Ta",3.658299999999998,0.015575358166667,False,data\eu_candidates\cifs\mp-1223326__La3Mg2TaO9.cif,True,False,False,False,True,False,False,False,True,Materials Project,True,False,core,True
mp-779590,La3PO7,"La,O,P",4.060799999999999,0.0,False,data\eu_candidates\cifs\mp-779590__La3PO7.cif,True,False,False,False,True,False,False,False,True,Materials Project,True,False,core,True
mp-1211710,La3Sb5O12,"La,O,Sb",3.224299999999999,0.0,False,data\eu_candidates\cifs\mp-1211710__La3Sb5O12.cif,True,False,False,False,True,False,False,False,True,Materials Project,True,False,core,True
mp-1211869,La3Sc2(GaO4)3,"Ga,La,O,Sc",3.798999999999999,0.0,False,data\eu_candidates\cifs\mp-1211869__La3Sc2_GaO4_3.cif,True,False,False,False,True,False,True,False,True,Materials Project,True,False,core,True
mp-752569,La3ScO6,"La,O,Sc",4.0062,0.02611588175,False,data\eu_candidates\cifs\mp-752569__La3ScO6.cif,True,False,False,False,True,False,True,False,True,Materials Project,True,False,core,True
mp-773117,La3Si2BO10,"B,La,O,Si",4.438200000000001,0.0,False,data\eu_candidates\cifs\mp-773117__La3Si2BO10.cif,True,False,False,False,True,False,False,False,True,Materials Project,True,False,core,True
mp-31415,La3TaO7,"La,O,Ta",3.4556,0.0,False,data\eu_candidates\cifs\mp-31415__La3TaO7.cif,True,False,False,False,True,False,False,False,True,Materials Project,True,False,core,True
mp-1223134,La3YSc4O12,"La,O,Sc,Y",3.950799999999999,0.015040504187497,False,data\eu_candidates\cifs\mp-1223134__La3YSc4O12.cif,True,False,True,False,True,False,True,False,True,Materials Project,True,False,core,True
mp-1211277,La3ZrGa5O14,"Ga,La,O,Zr",3.6853,0.000830142572462,False,data\eu_candidates\cifs\mp-1211277__La3ZrGa5O14.cif,True,False,False,False,True,False,False,False,True,Materials Project,True,False,core,True
mp-772771,La4(B2O5)3,"B,La,O",4.555999999999999,0.023072433840001,False,data\eu_candidates\cifs\mp-772771__La4_B2O5_3.cif,True,False,False,False,True,False,False,False,True,Materials Project,True,False,core,True
mp-781707,La4Al2O9,"Al,La,O",4.484199999999999,0.0,False,data\eu_candidates\cifs\mp-781707__La4Al2O9.cif,True,False,False,False,True,False,False,False,True,Materials Project,True,False,core,True
mp-1019894,La4B10O21,"B,La,O",4.139400000000001,0.012671912942856,False,data\eu_candidates\cifs\mp-1019894__La4B10O21.cif,True,False,False,False,True,False,False,False,True,Materials Project,True,False,core,True
mp-645962,La4B14O27,"B,La,O",4.1723,0.0,False,data\eu_candidates\cifs\mp-645962__La4B14O27.cif,True,False,False,False,True,False,False,False,True,Materials Project,True,False,core,True
mp-769915,La4Ga2O9,"Ga,La,O",4.0623,0.0,False,data\eu_candidates\cifs\mp-769915__La4Ga2O9.cif,True,False,False,False,True,False,False,False,True,Materials Project,True,False,core,True
mp-1211987,La4GeO8,"Ge,La,O",3.8436999999999992,0.0,False,data\eu_candidates\cifs\mp-1211987__La4GeO8.cif,True,True,False,False,True,False,False,False,True,Materials Project,True,False,core,True
mp-647867,La4Mo7O27,"La,Mo,O",3.1163,0.005576517883771,False,data\eu_candidates\cifs\mp-647867__La4Mo7O27.cif,True,False,False,False,True,False,False,False,True,Materials Project,True,False,core,True
mp-1223240,La5AlSi2O13,"Al,La,O,Si",4.157800000000001,0.003257531666672,False,data\eu_candidates\cifs\mp-1223240__La5AlSi2O13.cif,True,False,False,False,True,False,False,False,True,Materials Project,True,False,core,True
mp-1223205,La5Si2BO13,"B,La,O,Si",4.153599999999999,0.010973682380951,False,data\eu_candidates\cifs\mp-1223205__La5Si2BO13.cif,True,False,False,False,True,False,False,False,True,Materials Project,True,False,core,True
mp-31128,La6Mo8O33,"La,Mo,O",3.245799999999999,0.001102371897149,False,data\eu_candidates\cifs\mp-31128__La6Mo8O33.cif,True,False,False,False,True,False,False,False,True,Materials Project,True,False,core,True
mp-1223199,La6NbGa11O28,"Ga,La,Nb,O",3.1489,0.007138675199281,False,data\eu_candidates\cifs\mp-1223199__La6NbGa11O28.cif,True,False,False,False,True,False,False,False,True,Materials Project,True,False,core,True
mp-1223200,La6TaGa11O28,"Ga,La,O,Ta",3.4452,0.001693946884052,False,data\eu_candidates\cifs\mp-1223200__La6TaGa11O28.cif,True,False,False,False,True,False,False,False,True,Materials Project,True,False,core,True
mp-755135,La6WO12,"La,O,W",3.4959,0.0,False,data\eu_candidates\cifs\mp-755135__La6WO12.cif,True,False,False,False,True,False,False,False,True,Materials Project,True,False,core,True
mp-1212336,La7BP2O17,"B,La,O,P",4.416900000000001,0.011114878209879,False,data\eu_candidates\cifs\mp-1212336__La7BP2O17.cif,True,False,False,False,True,False,False,False,True,Materials Project,True,False,core,True
mp-1223314,La7Nb3(W2O15)2,"La,Nb,O,W",3.292399999999999,0.008139685738639,False,data\eu_candidates\cifs\mp-1223314__La7Nb3_W2O15_2.cif,True,False,False,False,True,False,False,False,True,Materials Project,True,False,core,True
mp-1223362,La7Ta3(W2O15)2,"La,O,Ta,W",3.5412,0.0,False,data\eu_candidates\cifs\mp-1223362__La7Ta3_W2O15_2.cif,True,False,False,False,True,False,False,False,True,Materials Project,True,False,core,True
mp-997586,La7YAl8O24,"Al,La,O,Y",3.635099999999999,0.025467442443744,False,data\eu_candidates\cifs\mp-997586__La7YAl8O24.cif,True,False,True,False,True,False,False,False,True,Materials Project,True,False,core,True
mp-997585,La8Al7GaO24,"Al,Ga,La,O",3.6931,0.01924553576787,False,data\eu_candidates\cifs\mp-997585__La8Al7GaO24.cif,True,False,False,False,True,False,False,False,True,Materials Project,True,False,core,True
mp-1224763,La9Lu11(GaO4)12,"Ga,La,Lu,O",3.2578,0.014182655609376,False,data\eu_candidates\cifs\mp-1224763__La9Lu11_GaO4_12.cif,True,False,False,False,True,True,False,False,True,Materials Project,True,False,core,True
mp-558465,LaAg(PO3)4,"Ag,La,O,P",3.7647999999999993,0.0,False,data\eu_candidates\cifs\mp-558465__LaAg_PO3_4.cif,True,False,False,False,True,False,False,False,True,Materials Project,True,False,core,True
mp-1211910,LaAlGe2O7,"Al,Ge,La,O",3.5206,0.005878809772736,False,data\eu_candidates\cifs\mp-1211910__LaAlGe2O7.cif,True,True,False,False,True,False,False,False,True,Materials Project,True,False,core,True
mp-1080060,LaAlO3,"Al,La,O",3.7121,0.0,False,data\eu_candidates\cifs\mp-1080060__LaAlO3.cif,True,False,False,False,True,False,False,False,True,Materials Project,True,False,core,True
mp-4917,LaAsO4,"As,La,O",4.002499999999999,0.0,False,data\eu_candidates\cifs\mp-4917__LaAsO4.cif,True,False,False,False,True,False,False,False,True,Materials Project,True,False,core,True
mp-30926,LaB5O9,"B,La,O",4.4998000000000005,0.0,False,data\eu_candidates\cifs\mp-30926__LaB5O9.cif,True,False,False,False,True,False,False,False,True,Materials Project,True,False,core,True
mp-558445,LaBMoO6,"B,La,Mo,O",3.562299999999999,0.01008726894136,False,data\eu_candidates\cifs\mp-558445__LaBMoO6.cif,True,False,False,False,True,False,False,False,True,Materials Project,True,False,core,True
mp-8216,LaBO3,"B,La,O",4.500700000000001,0.0,False,data\eu_candidates\cifs\mp-8216__LaBO3.cif,True,False,False,False,True,False,False,False,True,Materials Project,True,False,core,True
mp-1211317,LaBWO6,"B,La,O,W",3.8287,0.026527069254386,False,data\eu_candidates\cifs\mp-1211317__LaBWO6.cif,True,False,False,False,True,False,False,False,True,Materials Project,True,False,core,True
mp-14555,LaCd(BO2)5,"B,Cd,La,O",4.4529,0.0,False,data\eu_candidates\cifs\mp-14555__LaCd_BO2_5.cif,True,False,False,False,True,False,False,False,True,Materials Project,True,False,core,True
mp-1212633,LaGaGe2O7,"Ga,Ge,La,O",3.1959,0.009265595000008,False,data\eu_candidates\cifs\mp-1212633__LaGaGe2O7.cif,True,True,False,False,True,False,False,False,True,Materials Project,True,False,core,True
mp-19957,LaGeBO5,"B,Ge,La,O",4.030800000000001,0.00558452104167,False,data\eu_candidates\cifs\mp-19957__LaGeBO5.cif,True,True,False,False,True,False,False,False,True,Materials Project,True,False,core,True
mp-22220,LaLuO3,"La,Lu,O",4.452500000000001,0.011375043874998,False,data\eu_candidates\cifs\mp-22220__LaLuO3.cif,True,False,False,False,True,True,False,False,True,Materials Project,True,False,core,True
mp-557758,LaMg(BO2)5,"B,La,Mg,O",4.7555,0.0,False,data\eu_candidates\cifs\mp-557758__LaMg_BO2_5.cif,True,False,False,False,True,False,False,False,True,Materials Project,True,False,core,True
mp-1223152,LaMgAl11O19,"Al,La,Mg,O",4.212899999999999,0.0,False,data\eu_candidates\cifs\mp-1223152__LaMgAl11O19.cif,True,False,False,False,True,False,False,False,True,Materials Project,True,False,core,True
mp-542724,LaNbO4,"La,Nb,O",3.8042,0.0,False,data\eu_candidates\cifs\mp-542724__LaNbO4.cif,True,False,False,False,True,False,False,False,True,Materials Project,True,False,core,True
mp-1204624,LaP5O14,"La,O,P",5.0007,0.0,False,data\eu_candidates\cifs\mp-1204624__LaP5O14.cif,True,False,False,False,True,False,False,False,True,Materials Project,True,False,core,True
mp-3962,LaPO4,"La,O,P",4.486000000000001,0.0,False,data\eu_candidates\cifs\mp-3962__LaPO4.cif,True,False,False,False,True,False,False,False,True,Materials Project,True,False,core,True
mp-31419,LaSb5O12,"La,O,Sb",3.1365,0.0,False,data\eu_candidates\cifs\mp-31419__LaSb5O12.cif,True,False,False,False,True,False,False,False,True,Materials Project,True,False,core,True
mp-558000,LaSbMo2O9,"La,Mo,O,Sb",3.2767,0.0,False,data\eu_candidates\cifs\mp-558000__LaSbMo2O9.cif,True,False,False,False,True,False,False,False,True,Materials Project,True,False,core,True
mp-1190427,LaSbO4,"La,O,Sb",3.009,0.0,False,data\eu_candidates\cifs\mp-1190427__LaSbO4.cif,True,False,False,False,True,False,False,False,True,Materials Project,True,False,core,True
mp-6217,LaSc3(BO3)4,"B,La,O,Sc",4.2334,0.0,False,data\eu_candidates\cifs\mp-6217__LaSc3_BO3_4.cif,True,False,False,False,True,False,True,False,True,Materials Project,True,False,core,True
mp-31116,LaScO3,"La,O,Sc",3.8973,0.0,False,data\eu_candidates\cifs\mp-31116__LaScO3.cif,True,False,False,False,True,False,True,False,True,Materials Project,True,False,core,True
mp-1222841,LaSiBO5,"B,La,O,Si",4.297999999999999,0.0,False,data\eu_candidates\cifs\mp-1222841__LaSiBO5.cif,True,False,False,False,True,False,False,False,True,Materials Project,True,False,core,True
mp-14485,LaTa7O19,"La,O,Ta",3.1119,0.0,False,data\eu_candidates\cifs\mp-14485__LaTa7O19.cif,True,False,False,False,True,False,False,False,True,Materials Project,True,False,core,True
mp-4421,LaTaO4,"La,O,Ta",3.468,0.0,False,data\eu_candidates\cifs\mp-4421__LaTaO4.cif,True,False,False,False,True,False,False,False,True,Materials Project,True,False,core,True
mp-1222847,LaY3Sc4O12,"La,O,Sc,Y",4.214599999999999,0.027949026562499,False,data\eu_candidates\cifs\mp-1222847__LaY3Sc4O12.cif,True,False,True,False,True,False,True,False,True,Materials Project,True,False,core,True
mp-1019968,LaZn(BO2)5,"B,La,O,Zn",4.731199999999999,0.004692114852925,False,data\eu_candidates\cifs\mp-1019968__LaZn_BO2_5.cif,True,False,False,False,True,False,False,False,True,Materials Project,True,False,core,True
mp-1222999,LaZrTa3O11,"La,O,Ta,Zr",3.3365,0.0,False,data\eu_candidates\cifs\mp-1222999__LaZrTa3O11.cif,True,False,False,False,True,False,False,False,True,Materials Project,True,False,core,True
mp-1020009,Li2Ca2Si2O7,"Ca,Li,O,Si",4.7409,0.010006000705135,False,data\eu_candidates\cifs\mp-1020009__Li2Ca2Si2O7.cif,True,False,False,False,False,False,False,False,False,Materials Project,True,False,core,True
mp-560247,Li2Ca2Si5O13,"Ca,Li,O,Si",4.9381,0.009790573636363,False,data\eu_candidates\cifs\mp-560247__Li2Ca2Si5O13.cif,True,False,False,False,False,False,False,False,False,Materials Project,True,False,core,True
mp-556137,Li2Ca4Si4O13,"Ca,Li,O,Si",4.6645,0.005455047210145,False,data\eu_candidates\cifs\mp-556137__Li2Ca4Si4O13.cif,True,False,False,False,False,False,False,False,False,Materials Project,True,False,core,True
mp-7611,Li2CaGeO4,"Ca,Ge,Li,O",4.1135,0.0,False,data\eu_candidates\cifs\mp-7611__Li2CaGeO4.cif,True,True,False,False,False,False,False,False,False,Materials Project,True,False,core,True
mp-7610,Li2CaSiO4,"Ca,Li,O,Si",5.189699999999999,0.0,False,data\eu_candidates\cifs\mp-7610__Li2CaSiO4.cif,True,False,False,False,False,False,False,False,False,Materials Project,True,False,core,True
mp-1210908,Li2Lu5B3O13,"B,Li,Lu,O",4.4597,0.00207994576087,False,data\eu_candidates\cifs\mp-1210908__Li2Lu5B3O13.cif,True,False,False,False,False,True,False,False,True,Materials Project,True,False,core,True
mp-559706,Li3Gd(BO3)2,"B,Gd,Li,O",3.1764,0.0,False,data\eu_candidates\cifs\mp-559706__Li3Gd_BO3_2.cif,True,False,False,True,False,False,False,False,True,Materials Project,True,False,core,True
mp-1211607,Li3La2(BO3)3,"B,La,Li,O",4.504899999999999,0.003165991617649,False,data\eu_candidates\cifs\mp-1211607__Li3La2_BO3_3.cif,True,False,False,False,True,False,False,False,True,Materials Project,True,False,core,True
mp-557012,Li3Sc(BO3)2,"B,Li,O,Sc",4.5226,0.002246956666665,False,data\eu_candidates\cifs\mp-557012__Li3Sc_BO3_2.cif,True,False,False,False,False,False,True,False,True,Materials Project,True,False,core,True
mp-6565,Li3Sc2(PO4)3,"Li,O,P,Sc",4.7568,0.0,False,data\eu_candidates\cifs\mp-6565__Li3Sc2_PO4_3.cif,True,False,False,False,False,False,True,False,True,Materials Project,True,False,core,True
mp-557467,Li4Ca(BO3)2,"B,Ca,Li,O",4.7254000000000005,0.0,False,data\eu_candidates\cifs\mp-557467__Li4Ca_BO3_2.cif,True,False,False,False,False,False,False,False,False,Materials Project,True,False,core,True
mp-1222563,Li4Sc3In(SiO3)8,"In,Li,O,Sc,Si",4.7121,0.006547872104166,False,data\eu_candidates\cifs\mp-1222563__Li4Sc3In_SiO3_8.cif,True,False,False,False,False,False,True,True,True,Materials Project,True,False,core,True
mp-1222575,Li4ScIn3(SiO3)8,"In,Li,O,Sc,Si",3.9221,0.010921505979164,False,data\eu_candidates\cifs\mp-1222575__Li4ScIn3_SiO3_8.cif,True,False,False,False,False,False,True,True,True,Materials Project,True,False,core,True
mp-14704,Li6Y(BO3)3,"B,Li,O,Y",4.9703,0.0,False,data\eu_candidates\cifs\mp-14704__Li6Y_BO3_3.cif,True,False,True,False,False,False,False,False,True,Materials Project,True,False,core,True
mp-1200057,Li7La3(SnO6)2,"La,Li,O,Sn",3.8804,0.009687648020833,False,data\eu_candidates\cifs\mp-1200057__Li7La3_SnO6_2.cif,True,False,False,False,True,False,False,False,True,Materials Project,True,False,core,True
mp-1198622,Li7La3Hf2O12,"Hf,La,Li,O",4.3384,0.009968351718751,False,data\eu_candidates\cifs\mp-1198622__Li7La3Hf2O12.cif,True,False,False,False,True,False,False,False,True,Materials Project,True,False,core,True
mp-942733,Li7La3Zr2O12,"La,Li,O,Zr",4.168800000000001,0.006846009531249,False,data\eu_candidates\cifs\mp-942733__Li7La3Zr2O12.cif,True,False,False,False,True,False,False,False,True,Materials Project,True,False,core,True
mp-677136,LiCa3Zr3TaO12,"Ca,Li,O,Ta,Zr",4.0214,0.00524966433333,False,data\eu_candidates\cifs\mp-677136__LiCa3Zr3TaO12.cif,True,False,False,False,False,False,False,False,False,Materials Project,True,False,core,True
mp-561237,LiCaBO3,"B,Ca,Li,O",5.039099999999999,0.0,False,data\eu_candidates\cifs\mp-561237__LiCaBO3.cif,True,False,False,False,False,False,False,False,False,Materials Project,True,False,core,True
mp-16804,LiCaPO4,"Ca,Li,O,P",5.1798,0.003069337817461,False,data\eu_candidates\cifs\mp-16804__LiCaPO4.cif,True,False,False,False,False,False,False,False,False,Materials Project,True,False,core,True
mp-6248,LiGd(PO3)4,"Gd,Li,O,P",3.4752,0.0,False,data\eu_candidates\cifs\mp-6248__LiGd_PO3_4.cif,True,False,False,True,False,False,False,False,True,Materials Project,True,False,core,True
mp-21332,LiGdO2,"Gd,Li,O",3.280399999999999,0.0,False,data\eu_candidates\cifs\mp-21332__LiGdO2.cif,True,False,False,True,False,False,False,False,True,Materials Project,True,False,core,True
mp-729006,LiLa(MoO4)2,"La,Li,Mo,O",3.7935,0.008190204444444,False,data\eu_candidates\cifs\mp-729006__LiLa_MoO4_2.cif,True,False,False,False,True,False,False,False,True,Materials Project,True,False,core,True
mp-560866,LiLa(PO3)4,"La,Li,O,P",5.2206,0.0,False,data\eu_candidates\cifs\mp-560866__LiLa_PO3_4.cif,True,False,False,False,True,False,False,False,True,Materials Project,True,False,core,True
mp-1210919,LiLa(WO4)2,"La,Li,O,W",3.6807,0.0,False,data\eu_candidates\cifs\mp-1210919__LiLa_WO4_2.cif,True,False,False,False,True,False,False,False,True,Materials Project,True,False,core,True
mp-6674,LiLa2SbO6,"La,Li,O,Sb",3.972500000000001,0.003134719499997,False,data\eu_candidates\cifs\mp-6674__LiLa2SbO6.cif,True,False,False,False,True,False,False,False,True,Materials Project,True,False,core,True
mp-756544,LiLaO2,"La,Li,O",3.719999999999999,0.0144861340625,False,data\eu_candidates\cifs\mp-756544__LiLaO2.cif,True,False,False,False,True,False,False,False,True,Materials Project,True,False,core,True
mp-1190882,LiLu(WO4)2,"Li,Lu,O,W",3.8008,0.0,False,data\eu_candidates\cifs\mp-1190882__LiLu_WO4_2.cif,True,False,False,False,False,True,False,False,True,Materials Project,True,False,core,True
mp-754605,LiLuO2,"Li,Lu,O",4.6174,0.0,False,data\eu_candidates\cifs\mp-754605__LiLuO2.cif,True,False,False,False,False,True,False,False,True,Materials Project,True,False,core,True
mp-1194740,LiSc(GeO3)2,"Ge,Li,O,Sc",3.6059,0.009765722833335,False,data\eu_candidates\cifs\mp-1194740__LiSc_GeO3_2.cif,True,True,False,False,False,False,True,False,True,Materials Project,True,False,core,True
mp-6099,LiSc(SiO3)2,"Li,O,Sc,Si",4.9634,0.002840500416665,False,data\eu_candidates\cifs\mp-6099__LiSc_SiO3_2.cif,True,False,False,False,False,False,True,False,True,Materials Project,True,False,core,True
mp-1211126,LiSc(WO4)2,"Li,O,Sc,W",3.5658000000000003,0.0,False,data\eu_candidates\cifs\mp-1211126__LiSc_WO4_2.cif,True,False,False,False,False,False,True,False,True,Materials Project,True,False,core,True
mp-552663,LiScAs2O7,"As,Li,O,Sc",3.451899999999999,0.0,False,data\eu_candidates\cifs\mp-552663__LiScAs2O7.cif,True,False,False,False,False,False,True,False,True,Materials Project,True,False,core,True
mp-504948,LiScGeO4,"Ge,Li,O,Sc",4.0333,0.007698812619053,False,data\eu_candidates\cifs\mp-504948__LiScGeO4.cif,True,True,False,False,False,False,True,False,True,Materials Project,True,False,core,True
mp-5840,LiScO2,"Li,O,Sc",3.904,0.0,False,data\eu_candidates\cifs\mp-5840__LiScO2.cif,True,False,False,False,False,False,True,False,True,Materials Project,True,False,core,True
mp-10517,LiScP2O7,"Li,O,P,Sc",4.7646,0.0,False,data\eu_candidates\cifs\mp-10517__LiScP2O7.cif,True,False,False,False,False,False,True,False,True,Materials Project,True,False,core,True
mp-6224,LiScSiO4,"Li,O,Sc,Si",4.612299999999999,0.0,False,data\eu_candidates\cifs\mp-6224__LiScSiO4.cif,True,False,False,False,False,False,True,False,True,Materials Project,True,False,core,True
mp-1191085,LiY(WO4)2,"Li,O,W,Y",3.7774,0.0,False,data\eu_candidates\cifs\mp-1191085__LiY_WO4_2.cif,True,False,True,False,False,False,False,False,True,Materials Project,True,False,core,True
mp-555489,LiY6B3O14,"B,Li,O,Y",4.6908,0.012510019947914,False,data\eu_candidates\cifs\mp-555489__LiY6B3O14.cif,True,False,True,False,False,False,False,False,True,Materials Project,True,False,core,True
mp-1222506,LiY9(Si3O13)2,"Li,O,Si,Y",4.4329,0.029051964543652,False,data\eu_candidates\cifs\mp-1222506__LiY9_Si3O13_2.cif,True,False,True,False,False,False,False,False,True,Materials Project,True,False,core,True
mp-1211012,LiYGeO4,"Ge,Li,O,Y",3.817,0.011135900714288,False,data\eu_candidates\cifs\mp-1211012__LiYGeO4.cif,True,True,True,False,False,False,False,False,True,Materials Project,True,False,core,True
mp-1037661,LiYMg30O32,"Li,Mg,O,Y",4.311299999999999,0.020209441210937,False,data\eu_candidates\cifs\mp-1037661__LiYMg30O32.cif,True,False,True,False,False,False,False,False,True,Materials Project,True,False,core,True
mp-7020,LiYO2,"Li,O,Y",4.3897,0.0,False,data\eu_candidates\cifs\mp-7020__LiYO2.cif,True,False,True,False,False,False,False,False,True,Materials Project,True,False,core,True
mp-558941,LiYSiO4,"Li,O,Si,Y",5.274999999999999,0.0,False,data\eu_candidates\cifs\mp-558941__LiYSiO4.cif,True,False,True,False,False,False,False,False,True,Materials Project,True,False,core,True
mp-680724,Lu(BO2)3,"B,Lu,O",5.9263,0.0,False,data\eu_candidates\cifs\mp-680724__Lu_BO2_3.cif,True,False,False,False,False,True,False,False,True,Materials Project,True,False,core,True
mp-1198201,Lu(PO3)3,"Lu,O,P",5.7855,0.0,False,data\eu_candidates\cifs\mp-1198201__Lu_PO3_3.cif,True,False,False,False,False,True,False,False,True,Materials Project,True,False,core,True
mp-1211136,Lu2(MoO4)3,"Lu,Mo,O",3.909399999999999,0.0,False,data\eu_candidates\cifs\mp-1211136__Lu2_MoO4_3.cif,True,False,False,False,False,True,False,False,True,Materials Project,True,False,core,True
mp-768455,Lu2(WO4)3,"Lu,O,W",4.8308,0.015861774264719,False,data\eu_candidates\cifs\mp-768455__Lu2_WO4_3.cif,True,False,False,False,False,True,False,False,True,Materials Project,True,False,core,True
mp-1210839,Lu2Be2GeO7,"Be,Ge,Lu,O",4.2438,0.024284135546877,False,data\eu_candidates\cifs\mp-1210839__Lu2Be2GeO7.cif,True,True,False,False,False,True,False,False,True,Materials Project,True,False,core,True
mp-1210829,Lu2Be2SiO7,"Be,Lu,O,Si",5.2839,0.013585066875016,False,data\eu_candidates\cifs\mp-1210829__Lu2Be2SiO7.cif,True,False,False,False,False,True,False,False,True,Materials Project,True,False,core,True
mp-8346,Lu2Ge2O7,"Ge,Lu,O",3.7065,0.0,False,data\eu_candidates\cifs\mp-8346__Lu2Ge2O7.cif,True,True,False,False,False,True,False,False,True,Materials Project,True,False,core,True
mp-768388,Lu2GeO5,"Ge,Lu,O",4.0765,0.010862259570322,False,data\eu_candidates\cifs\mp-768388__Lu2GeO5.cif,True,True,False,False,False,True,False,False,True,Materials Project,True,False,core,True
mp-1210966,Lu2Mo4O15,"Lu,Mo,O",3.3038,0.028162127559516,False,data\eu_candidates\cifs\mp-1210966__Lu2Mo4O15.cif,True,False,False,False,False,True,False,False,True,Materials Project,True,False,core,True
mp-1427,Lu2O3,"Lu,O",4.021100000000001,0.0,False,data\eu_candidates\cifs\mp-1427__Lu2O3.cif,True,False,False,False,False,True,False,False,True,Materials Project,True,False,core,True
mp-776491,Lu2P4O13,"Lu,O,P",5.6129,0.02093764375,False,data\eu_candidates\cifs\mp-776491__Lu2P4O13.cif,True,False,False,False,False,True,False,False,True,Materials Project,True,False,core,True
mp-7193,Lu2Si2O7,"Lu,O,Si",4.8449,0.0,False,data\eu_candidates\cifs\mp-7193__Lu2Si2O7.cif,True,False,False,False,False,True,False,False,True,Materials Project,True,False,core,True
mp-16969,Lu2SiO5,"Lu,O,Si",4.6846,0.0,False,data\eu_candidates\cifs\mp-16969__Lu2SiO5.cif,True,False,False,False,False,True,False,False,True,Materials Project,True,False,core,True
mp-771031,Lu2TiO5,"Lu,O,Ti",3.3452,0.0,False,data\eu_candidates\cifs\mp-771031__Lu2TiO5.cif,True,False,False,False,False,True,False,False,True,Materials Project,True,False,core,True
mp-555747,Lu2WO6,"Lu,O,W",3.1387,0.0,False,data\eu_candidates\cifs\mp-555747__Lu2WO6.cif,True,False,False,False,False,True,False,False,True,Materials Project,True,False,core,True
mp-14132,Lu3Al5O12,"Al,Lu,O",5.1263,0.0,False,data\eu_candidates\cifs\mp-14132__Lu3Al5O12.cif,True,False,False,False,False,True,False,False,True,Materials Project,True,False,core,True
mp-756742,Lu3AlO6,"Al,Lu,O",4.5825,0.0274782755,False,data\eu_candidates\cifs\mp-756742__Lu3AlO6.cif,True,False,False,False,False,True,False,False,True,Materials Project,True,False,core,True
mp-554282,Lu3B5O12,"B,Lu,O",5.426500000000001,0.001240688937501,False,data\eu_candidates\cifs\mp-554282__Lu3B5O12.cif,True,False,False,False,False,True,False,False,True,Materials Project,True,False,core,True
mp-14134,Lu3Ga5O12,"Ga,Lu,O",3.5330999999999992,0.0,False,data\eu_candidates\cifs\mp-14134__Lu3Ga5O12.cif,True,False,False,False,False,True,False,False,True,Materials Project,True,False,core,True
mp-768483,Lu3Sb5O12,"Lu,O,Sb",3.1381,0.0,False,data\eu_candidates\cifs\mp-768483__Lu3Sb5O12.cif,True,False,False,False,False,True,False,False,True,Materials Project,True,False,core,True
mp-1210508,Lu3SbO7,"Lu,O,Sb",3.114699999999999,0.0,False,data\eu_candidates\cifs\mp-1210508__Lu3SbO7.cif,True,False,False,False,False,True,False,False,True,Materials Project,True,False,core,True
mp-755660,Lu3TaO7,"Lu,O,Ta",3.417799999999999,0.024661845113637,False,data\eu_candidates\cifs\mp-755660__Lu3TaO7.cif,True,False,False,False,False,True,False,False,True,Materials Project,True,False,core,True
mp-676653,Lu4Hf3O12,"Hf,Lu,O",4.7135,0.0,False,data\eu_candidates\cifs\mp-676653__Lu4Hf3O12.cif,True,False,False,False,False,True,False,False,True,Materials Project,True,False,core,True
mp-1222825,Lu4Zr3O12,"Lu,O,Zr",4.1179,0.0,False,data\eu_candidates\cifs\mp-1222825__Lu4Zr3O12.cif,True,False,False,False,False,True,False,False,True,Materials Project,True,False,core,True
mp-28216,Lu6Ge4O17,"Ge,Lu,O",3.8214,0.0,False,data\eu_candidates\cifs\mp-28216__Lu6Ge4O17.cif,True,True,False,False,False,True,False,False,True,Materials Project,True,False,core,True
mp-756479,Lu6WO12,"Lu,O,W",3.4519,0.0,False,data\eu_candidates\cifs\mp-756479__Lu6WO12.cif,True,False,False,False,False,True,False,False,True,Materials Project,True,False,core,True
mp-1210947,LuAg(WO4)2,"Ag,Lu,O,W",3.171799999999999,0.014401884739591,False,data\eu_candidates\cifs\mp-1210947__LuAg_WO4_2.cif,True,False,False,False,False,True,False,False,True,Materials Project,True,False,core,True
mp-7644,LuAsO4,"As,Lu,O",3.557299999999999,0.0,False,data\eu_candidates\cifs\mp-7644__LuAsO4.cif,True,False,False,False,False,True,False,False,True,Materials Project,True,False,core,True
mp-7560,LuBO3,"B,Lu,O",5.3023,0.0,False,data\eu_candidates\cifs\mp-7560__LuBO3.cif,True,False,False,False,False,True,False,False,True,Materials Project,True,False,core,True
mp-644492,LuNbO4,"Lu,Nb,O",3.3974,0.0,False,data\eu_candidates\cifs\mp-644492__LuNbO4.cif,True,False,False,False,False,True,False,False,True,Materials Project,True,False,core,True
mp-554113,LuP5O14,"Lu,O,P",5.2656,0.005454493437487,False,data\eu_candidates\cifs\mp-554113__LuP5O14.cif,True,False,False,False,False,True,False,False,True,Materials Project,True,False,core,True
mp-2940,LuPO4,"Lu,O,P",5.9556,0.0,False,data\eu_candidates\cifs\mp-2940__LuPO4.cif,True,False,False,False,False,True,False,False,True,Materials Project,True,False,core,True
mp-1222283,LuSc(BO3)2,"B,Lu,O,Sc",4.4627,0.0,False,data\eu_candidates\cifs\mp-1222283__LuSc_BO3_2.cif,True,False,False,False,False,True,True,False,True,Materials Project,True,False,core,True
mp-756704,LuTa3O9,"Lu,O,Ta",3.302699999999999,0.02072383961539,False,data\eu_candidates\cifs\mp-756704__LuTa3O9.cif,True,False,False,False,False,True,False,False,True,Materials Project,True,False,core,True
mp-780049,LuTa7O19,"Lu,O,Ta",3.187999999999999,0.028514128148145,False,data\eu_candidates\cifs\mp-780049__LuTa7O19.cif,True,False,False,False,False,True,False,False,True,Materials Project,True,False,core,True
mp-5489,LuTaO4,"Lu,O,Ta",4.3218,0.0,False,data\eu_candidates\cifs\mp-5489__LuTaO4.cif,True,False,False,False,False,True,False,False,True,Materials Project,True,False,core,True
mp-1222583,LuTaTiO6,"Lu,O,Ta,Ti",3.3524,0.008989045277781,False,data\eu_candidates\cifs\mp-1222583__LuTaTiO6.cif,True,False,False,False,False,True,False,False,True,Materials Project,True,False,core,True
mp-1210978,LuTl(MoO4)2,"Lu,Mo,O,Tl",3.9398,0.007155215833357,False,data\eu_candidates\cifs\mp-1210978__LuTl_MoO4_2.cif,True,False,False,False,False,True,False,False,True,Materials Project,True,False,core,True
mp-1212494,LuZr6(PO4)9,"Lu,O,P,Zr",3.7405,0.011724575,False,data\eu_candidates\cifs\mp-1212494__LuZr6_PO4_9.cif,True,False,False,False,False,True,False,False,True,Materials Project,True,False,core,True
mp-1221965,MgScBO4,"B,Mg,O,Sc",3.3919,0.01014768080358,False,data\eu_candidates\cifs\mp-1221965__MgScBO4.cif,True,False,False,False,False,False,True,False,True,Materials Project,True,False,core,True
mp-2713141,Na10Ca3Hf5(PO4)12,"Ca,Hf,Na,O,P",4.2588,0.029997370769224,False,data\eu_candidates\cifs\mp-2713141__Na10Ca3Hf5_PO4_12.cif,True,False,False,False,False,False,False,False,False,Materials Project,True,False,core,True
mp-2713521,Na10Ca3Zr5(PO4)12,"Ca,Na,O,P,Zr",3.4054,0.026452368493587,False,data\eu_candidates\cifs\mp-2713521__Na10Ca3Zr5_PO4_12.cif,True,False,False,False,False,False,False,False,False,Materials Project,True,False,core,True
mp-2713335,Na10LaTa7(SiO4)12,"La,Na,O,Si,Ta",3.534,0.027982416896367,False,data\eu_candidates\cifs\mp-2713335__Na10LaTa7_SiO4_12.cif,True,False,False,False,True,False,False,False,True,Materials Project,True,False,core,True
mp-2716490,Na10Sc7Ta(PO4)12,"Na,O,P,Sc,Ta",3.4634,0.009885871837594,False,data\eu_candidates\cifs\mp-2716490__Na10Sc7Ta_PO4_12.cif,True,False,False,False,False,False,True,False,True,Materials Project,True,False,core,True
mp-2713178,Na10ScTa7(SiO4)12,"Na,O,Sc,Si,Ta",3.5433,0.014586725619665,False,data\eu_candidates\cifs\mp-2713178__Na10ScTa7_SiO4_12.cif,True,False,False,False,False,False,True,False,True,Materials Project,True,False,core,True
mp-2713510,Na10Y7Ta(PO4)12,"Na,O,P,Ta,Y",3.4385,0.027723289294868,False,data\eu_candidates\cifs\mp-2713510__Na10Y7Ta_PO4_12.cif,True,False,True,False,False,False,False,False,True,Materials Project,True,False,core,True
mp-2713508,Na10YTa7(SiO4)12,"Na,O,Si,Ta,Y",3.5149,0.021710111143166,False,data\eu_candidates\cifs\mp-2713508__Na10YTa7_SiO4_12.cif,True,False,True,False,False,False,False,False,True,Materials Project,True,False,core,True
mp-2715174,Na12Ca5Ta(PO4)9,"Ca,Na,O,P,Ta",3.0438,0.027615565820102,False,data\eu_candidates\cifs\mp-2715174__Na12Ca5Ta_PO4_9.cif,True,False,False,False,False,False,False,False,False,Materials Project,True,False,core,True
mp-2714051,Na14Ca5Hf3(PO4)12,"Ca,Hf,Na,O,P",4.4009,0.020151518699189,False,data\eu_candidates\cifs\mp-2714051__Na14Ca5Hf3_PO4_12.cif,True,False,False,False,False,False,False,False,False,Materials Project,True,False,core,True
mp-2714194,Na14Ca5Zr3(PO4)12,"Ca,Na,O,P,Zr",3.786299999999999,0.021354206229673,False,data\eu_candidates\cifs\mp-2714194__Na14Ca5Zr3_PO4_12.cif,True,False,False,False,False,False,False,False,False,Materials Project,True,False,core,True
mp-2713394,Na15CaTa11(SiO4)18,"Ca,Na,O,Si,Ta",3.3339,0.023416562378919,False,data\eu_candidates\cifs\mp-2713394__Na15CaTa11_SiO4_18.cif,True,False,False,False,False,False,False,False,False,Materials Project,True,False,core,True
mp-693746,Na17Zr7Sc5Si6(PO6)12,"Na,O,P,Sc,Si,Zr",4.1506,0.025223741386568,False,data\eu_candidates\cifs\mp-693746__Na17Zr7Sc5Si6_PO6_12.cif,True,False,False,False,False,False,True,False,True,Materials Project,True,False,core,True
mp-693682,Na25Zr11Sc5Si12(PO8)12,"Na,O,P,Sc,Si,Zr",3.9074,0.026106516972051,False,data\eu_candidates\cifs\mp-693682__Na25Zr11Sc5Si12_PO8_12.cif,True,False,False,False,False,False,True,False,True,Materials Project,True,False,core,True
mp-677638,Na27Ca3Al5(P2O7)12,"Al,Ca,Na,O,P",4.9458,0.002262783344987,False,data\eu_candidates\cifs\mp-677638__Na27Ca3Al5_P2O7_12.cif,True,False,False,False,False,False,False,False,False,Materials Project,True,False,core,True
mp-541522,Na2Ca(PO3)4,"Ca,Na,O,P",5.3703,0.002394823596477,False,data\eu_candidates\cifs\mp-541522__Na2Ca_PO3_4.cif,True,False,False,False,False,False,False,False,False,Materials Project,True,False,core,True
mp-1221806,Na2Ca2(SiO3)3,"Ca,Na,O,Si",4.4105,0.007418877864583,False,data\eu_candidates\cifs\mp-1221806__Na2Ca2_SiO3_3.cif,True,False,False,False,False,False,False,False,False,Materials Project,True,False,core,True
mp-558087,Na2Ca3(Si3O8)2,"Ca,Na,O,Si",4.3043,0.001988568209876,False,data\eu_candidates\cifs\mp-558087__Na2Ca3_Si3O8_2.cif,True,False,False,False,False,False,False,False,False,Materials Project,True,False,core,True
mp-556679,Na2Ca3Si3O10,"Ca,Na,O,Si",4.375500000000001,0.0,False,data\eu_candidates\cifs\mp-556679__Na2Ca3Si3O10.cif,True,False,False,False,False,False,False,False,False,Materials Project,True,False,core,True
mp-556232,Na2CaMg(PO4)2,"Ca,Mg,Na,O,P",5.336,0.0,False,data\eu_candidates\cifs\mp-556232__Na2CaMg_PO4_2.cif,True,False,False,False,False,False,False,False,False,Materials Project,True,False,core,True
mp-561260,Na2CaP2O7,"Ca,Na,O,P",4.962,0.0,False,data\eu_candidates\cifs\mp-561260__Na2CaP2O7.cif,True,False,False,False,False,False,False,False,False,Materials Project,True,False,core,True
mp-583646,Na2Gd2B2O7,"B,Gd,Na,O",3.061,0.0,False,data\eu_candidates\cifs\mp-583646__Na2Gd2B2O7.cif,True,False,False,True,False,False,False,False,True,Materials Project,True,False,core,True
mp-2713637,Na2HfSc(PO4)3,"Hf,Na,O,P,Sc",4.8287,0.016191781008764,False,data\eu_candidates\cifs\mp-2713637__Na2HfSc_PO4_3.cif,True,False,False,False,False,False,True,False,True,Materials Project,True,False,core,True
mp-14030,Na2LiY(Si2O5)3,"Li,Na,O,Si,Y",4.7198,0.0,False,data\eu_candidates\cifs\mp-14030__Na2LiY_Si2O5_3.cif,True,False,True,False,False,False,False,False,True,Materials Project,True,False,core,True
mp-561247,Na2LuMoPO8,"Lu,Mo,Na,O,P",4.1749,0.002769273653849,False,data\eu_candidates\cifs\mp-561247__Na2LuMoPO8.cif,True,False,False,False,False,True,False,False,True,Materials Project,True,False,core,True
mp-1197089,Na2LuPWO8,"Lu,Na,O,P,W",4.7657,0.006508075384623,False,data\eu_candidates\cifs\mp-1197089__Na2LuPWO8.cif,True,False,False,False,False,True,False,False,True,Materials Project,True,False,core,True
mp-694985,Na2Sc4Zn2(MoO4)9,"Mo,Na,O,Sc,Zn",3.5152,0.001978954150947,False,data\eu_candidates\cifs\mp-694985__Na2Sc4Zn2_MoO4_9.cif,True,False,False,False,False,False,True,False,True,Materials Project,True,False,core,True
mp-1221317,Na2ScIn(SiO3)4,"In,Na,O,Sc,Si",4.2568,0.0018268015,False,data\eu_candidates\cifs\mp-1221317__Na2ScIn_SiO3_4.cif,True,False,False,False,False,False,True,True,True,Materials Project,True,False,core,True
mp-2715646,Na2ScTa3Si2(PO6)4,"Na,O,P,Sc,Si,Ta",3.1125,0.01292507706019,False,data\eu_candidates\cifs\mp-2715646__Na2ScTa3Si2_PO6_4.cif,True,False,False,False,False,False,True,False,True,Materials Project,True,False,core,True
mp-540951,Na2Sr(PO3)4,"Na,O,P,Sr",5.3329,0.001889663070186,False,data\eu_candidates\cifs\mp-540951__Na2Sr_PO3_4.cif,True,False,False,False,False,False,False,False,False,Materials Project,True,False,core,True
mp-556356,Na2SrAl4(SiO4)4,"Al,Na,O,Si,Sr",4.782599999999999,0.0,False,data\eu_candidates\cifs\mp-556356__Na2SrAl4_SiO4_4.cif,True,False,False,False,False,False,False,False,False,Materials Project,True,False,core,True
mp-1197316,Na2SrMg(PO4)2,"Mg,Na,O,P,Sr",4.996499999999999,0.0,False,data\eu_candidates\cifs\mp-1197316__Na2SrMg_PO4_2.cif,True,False,False,False,False,False,False,False,False,Materials Project,True,False,core,True
mp-6331,Na2Y2B2O7,"B,Na,O,Y",4.419,0.004374055267096,False,data\eu_candidates\cifs\mp-6331__Na2Y2B2O7.cif,True,False,True,False,False,False,False,False,True,Materials Project,True,False,core,True
mp-557549,Na2YMoPO8,"Mo,Na,O,P,Y",4.2058,0.00399662730768,False,data\eu_candidates\cifs\mp-557549__Na2YMoPO8.cif,True,False,True,False,False,False,False,False,True,Materials Project,True,False,core,True
mp-1201418,Na2YPWO8,"Na,O,P,W,Y",4.7418,0.007533769807702,False,data\eu_candidates\cifs\mp-1201418__Na2YPWO8.cif,True,False,True,False,False,False,False,False,True,Materials Project,True,False,core,True
mp-2713324,Na2YZr(PO4)3,"Na,O,P,Y,Zr",4.0204,0.023049029232456,False,data\eu_candidates\cifs\mp-2713324__Na2YZr_PO4_3.cif,True,False,True,False,False,False,False,False,True,Materials Project,True,False,core,True
mp-2713317,Na2ZrSc(PO4)3,"Na,O,P,Sc,Zr",4.2043,0.016359618245621,False,data\eu_candidates\cifs\mp-2713317__Na2ZrSc_PO4_3.cif,True,False,False,False,False,False,True,False,True,Materials Project,True,False,core,True
mp-542719,Na3Ca(BO2)5,"B,Ca,Na,O",4.556699999999999,0.0,False,data\eu_candidates\cifs\mp-542719__Na3Ca_BO2_5.cif,True,False,False,False,False,False,False,False,False,Materials Project,True,False,core,True
mp-18480,Na3Ca2TaO6,"Ca,Na,O,Ta",4.2075,0.0,False,data\eu_candidates\cifs\mp-18480__Na3Ca2TaO6.cif,True,False,False,False,False,False,False,False,False,Materials Project,True,False,core,True
mp-1221261,Na3CaSc3Zn(SiO3)8,"Ca,Na,O,Sc,Si,Zn",4.7697,0.010541788500001,False,data\eu_candidates\cifs\mp-1221261__Na3CaSc3Zn_SiO3_8.cif,True,False,False,False,False,False,True,False,True,Materials Project,True,False,core,True
mp-2715627,Na3CaTa5Si3(PO6)6,"Ca,Na,O,P,Si,Ta",3.2123,0.015574609716054,False,data\eu_candidates\cifs\mp-2715627__Na3CaTa5Si3_PO6_6.cif,True,False,False,False,False,False,False,False,False,Materials Project,True,False,core,True
mp-1203147,Na3Gd(PO4)2,"Gd,Na,O,P",3.035999999999999,0.0,False,data\eu_candidates\cifs\mp-1203147__Na3Gd_PO4_2.cif,True,False,False,True,False,False,False,False,True,Materials Project,True,False,core,True
mp-1212330,Na3GdV2O8,"Gd,Na,O,V",3.1514,0.012863569523808,False,data\eu_candidates\cifs\mp-1212330__Na3GdV2O8.cif,True,False,False,True,False,False,False,False,True,Materials Project,True,False,core,True
mp-2716438,Na3Hf3Sc(PO4)6,"Hf,Na,O,P,Sc",4.6939,0.011620201554039,False,data\eu_candidates\cifs\mp-2716438__Na3Hf3Sc_PO4_6.cif,True,False,False,False,False,False,True,False,True,Materials Project,True,False,core,True
mp-2715409,Na3HfScSi(PO6)2,"Hf,Na,O,P,Sc,Si",4.6269,0.019552687645832,False,data\eu_candidates\cifs\mp-2715409__Na3HfScSi_PO6_2.cif,True,False,False,False,False,False,True,False,True,Materials Project,True,False,core,True
mp-1211118,Na3La(AsO4)2,"As,La,Na,O",3.6521,0.011680681607143,False,data\eu_candidates\cifs\mp-1211118__Na3La_AsO4_2.cif,True,False,False,False,True,False,False,False,True,Materials Project,True,False,core,True
mp-1210472,Na3La(BO3)2,"B,La,Na,O",3.7247999999999992,0.0,False,data\eu_candidates\cifs\mp-1210472__Na3La_BO3_2.cif,True,False,False,False,True,False,False,False,True,Materials Project,True,False,core,True
mp-1210985,Na3La(PO4)2,"La,Na,O,P",4.621600000000001,0.00080978202381,False,data\eu_candidates\cifs\mp-1210985__Na3La_PO4_2.cif,True,False,False,False,True,False,False,False,True,Materials Project,True,False,core,True
mp-560129,Na3La2(BO3)3,"B,La,Na,O",3.790199999999999,0.000762668235301,False,data\eu_candidates\cifs\mp-560129__Na3La2_BO3_3.cif,True,False,False,False,True,False,False,False,True,Materials Project,True,False,core,True
mp-6760,Na3La9B8O27,"B,La,Na,O",4.0102,0.0,False,data\eu_candidates\cifs\mp-6760__Na3La9B8O27.cif,True,False,False,False,True,False,False,False,True,Materials Project,True,False,core,True
mp-558512,Na3LaV2O8,"La,Na,O,V",3.767899999999999,0.006120772499999,False,data\eu_candidates\cifs\mp-558512__Na3LaV2O8.cif,True,False,False,False,True,False,False,False,True,Materials Project,True,False,core,True
mp-554463,Na3LuSi2O7,"Lu,Na,O,Si",3.9465,0.000444404102564,False,data\eu_candidates\cifs\mp-554463__Na3LuSi2O7.cif,True,False,False,False,False,True,False,False,True,Materials Project,True,False,core,True
mp-1191513,Na3Sc(BO3)2,"B,Na,O,Sc",3.6398,0.0,False,data\eu_candidates\cifs\mp-1191513__Na3Sc_BO3_2.cif,True,False,False,False,False,False,True,False,True,Materials Project,True,False,core,True
mp-561018,Na3Sc2(BO3)3,"B,Na,O,Sc",3.7232,0.0,False,data\eu_candidates\cifs\mp-561018__Na3Sc2_BO3_3.cif,True,False,False,False,False,False,True,False,True,Materials Project,True,False,core,True
mp-16956,Na3Sc2(PO4)3,"Na,O,P,Sc",4.6584,0.0,False,data\eu_candidates\cifs\mp-16956__Na3Sc2_PO4_3.cif,True,False,False,False,False,False,True,False,True,Materials Project,True,False,core,True
mp-6213,Na3Sc2V3O12,"Na,O,Sc,V",3.2558,0.0,False,data\eu_candidates\cifs\mp-6213__Na3Sc2V3O12.cif,True,False,False,False,False,False,True,False,True,Materials Project,True,False,core,True
mp-2715422,Na3ScAl(PO4)3,"Al,Na,O,P,Sc",4.5123,0.01820502048438,False,data\eu_candidates\cifs\mp-2715422__Na3ScAl_PO4_3.cif,True,False,False,False,False,False,True,False,True,Materials Project,True,False,core,True
mp-2715490,Na3ScGa(PO4)3,"Ga,Na,O,P,Sc",4.1266,0.022554239708339,False,data\eu_candidates\cifs\mp-2715490__Na3ScGa_PO4_3.cif,True,False,False,False,False,False,True,False,True,Materials Project,True,False,core,True
mp-2715515,Na3ScIn(PO4)3,"In,Na,O,P,Sc",3.8367,0.0121153595,False,data\eu_candidates\cifs\mp-2715515__Na3ScIn_PO4_3.cif,True,False,False,False,False,False,True,True,True,Materials Project,True,False,core,True
mp-557463,Na3ScSi2O7,"Na,O,Sc,Si",4.0305,0.0,False,data\eu_candidates\cifs\mp-557463__Na3ScSi2O7.cif,True,False,False,False,False,False,True,False,True,Materials Project,True,False,core,True
mp-2712945,Na3ScTa3Si3(PO8)3,"Na,O,P,Sc,Si,Ta",3.0753,0.02600235754503,False,data\eu_candidates\cifs\mp-2712945__Na3ScTa3Si3_PO8_3.cif,True,False,False,False,False,False,True,False,True,Materials Project,True,False,core,True
mp-6775,Na3Sr(BO2)5,"B,Na,O,Sr",4.5614,0.0,False,data\eu_candidates\cifs\mp-6775__Na3Sr_BO2_5.cif,True,False,False,False,False,False,False,False,False,Materials Project,True,False,core,True
mp-13726,Na3SrLaZnSi6O17,"La,Na,O,Si,Sr,Zn",4.7991,0.0,False,data\eu_candidates\cifs\mp-13726__Na3SrLaZnSi6O17.cif,True,False,False,False,True,False,False,False,True,Materials Project,True,False,core,True
mp-556039,Na3Y(BO3)2,"B,Na,O,Y",3.777,0.0,False,data\eu_candidates\cifs\mp-556039__Na3Y_BO3_2.cif,True,False,True,False,False,False,False,False,True,Materials Project,True,False,core,True
mp-1210758,Na3Y(PO4)2,"Na,O,P,Y",4.964,0.0,False,data\eu_candidates\cifs\mp-1210758__Na3Y_PO4_2.cif,True,False,True,False,False,False,False,False,True,Materials Project,True,False,core,True
mp-1221246,Na3Y(Si2O5)3,"Na,O,Si,Y",4.609,0.0,False,data\eu_candidates\cifs\mp-1221246__Na3Y_Si2O5_3.cif,True,False,True,False,False,False,False,False,True,Materials Project,True,False,core,True
mp-1203085,Na3Y(SiO3)3,"Na,O,Si,Y",4.2323,0.0,False,data\eu_candidates\cifs\mp-1203085__Na3Y_SiO3_3.cif,True,False,True,False,False,False,False,False,True,Materials Project,True,False,core,True
mp-2715359,Na3Y2(PO4)3,"Na,O,P,Y",4.6651,0.01312681324999,False,data\eu_candidates\cifs\mp-2715359__Na3Y2_PO4_3.cif,True,False,True,False,False,False,False,False,True,Materials Project,True,False,core,True
mp-2714655,Na3YHf3(PO4)6,"Hf,Na,O,P,Y",4.8202,0.014786840979724,False,data\eu_candidates\cifs\mp-2714655__Na3YHf3_PO4_6.cif,True,False,True,False,False,False,False,False,True,Materials Project,True,False,core,True
mp-2715289,Na3YIn(PO4)3,"In,Na,O,P,Y",3.6227,0.021665332666668,False,data\eu_candidates\cifs\mp-2715289__Na3YIn_PO4_3.cif,True,False,True,False,False,False,False,True,True,Materials Project,True,False,core,True
mp-2715326,Na3YSc(PO4)3,"Na,O,P,Sc,Y",4.5384,0.015287584770832,False,data\eu_candidates\cifs\mp-2715326__Na3YSc_PO4_3.cif,True,False,True,False,False,False,True,False,True,Materials Project,True,False,core,True
mp-1221257,Na3YSi2O7,"Na,O,Si,Y",4.006699999999999,0.006709720897434,False,data\eu_candidates\cifs\mp-1221257__Na3YSi2O7.cif,True,False,True,False,False,False,False,False,True,Materials Project,True,False,core,True
mp-2714763,Na3YZr3(PO4)6,"Na,O,P,Y,Zr",4.0091,0.015215940596842,False,data\eu_candidates\cifs\mp-2714763__Na3YZr3_PO4_6.cif,True,False,True,False,False,False,False,False,True,Materials Project,True,False,core,True
mp-2714895,Na3Zr3Sc(PO4)6,"Na,O,P,Sc,Zr",3.8319,0.014103784144142,False,data\eu_candidates\cifs\mp-2714895__Na3Zr3Sc_PO4_6.cif,True,False,False,False,False,False,True,False,True,Materials Project,True,False,core,True
mp-2715472,Na3ZrScSi(PO6)2,"Na,O,P,Sc,Si,Zr",4.0744,0.023958575,False,data\eu_candidates\cifs\mp-2715472__Na3ZrScSi_PO6_2.cif,True,False,False,False,False,False,True,False,True,Materials Project,True,False,core,True
mp-542280,Na4Ca(PO3)6,"Ca,Na,O,P",5.196999999999999,0.00282551551719,False,data\eu_candidates\cifs\mp-542280__Na4Ca_PO3_6.cif,True,False,False,False,False,False,False,False,False,Materials Project,True,False,core,True
mp-2713602,Na4CaHf3(PO4)6,"Ca,Hf,Na,O,P",4.5208,0.017465567982455,False,data\eu_candidates\cifs\mp-2713602__Na4CaHf3_PO4_6.cif,True,False,False,False,False,False,False,False,False,Materials Project,True,False,core,True
mp-2715182,Na4CaIn(PO4)3,"Ca,In,Na,O,P",3.137199999999999,0.029965583373017,False,data\eu_candidates\cifs\mp-2715182__Na4CaIn_PO4_3.cif,True,False,False,False,False,False,False,True,True,Materials Project,True,False,core,True
mp-2715098,Na4CaSc(PO4)3,"Ca,Na,O,P,Sc",4.2468,0.025920233333334,False,data\eu_candidates\cifs\mp-2715098__Na4CaSc_PO4_3.cif,True,False,False,False,False,False,True,False,True,Materials Project,True,False,core,True
mp-2715036,Na4CaY(PO4)3,"Ca,Na,O,P,Y",4.2254,0.01543191920635,False,data\eu_candidates\cifs\mp-2715036__Na4CaY_PO4_3.cif,True,False,True,False,False,False,False,False,True,Materials Project,True,False,core,True
mp-2713661,Na4CaZr3(PO4)6,"Ca,Na,O,P,Zr",3.8079,0.019378078004383,False,data\eu_candidates\cifs\mp-2713661__Na4CaZr3_PO4_6.cif,True,False,False,False,False,False,False,False,False,Materials Project,True,False,core,True
mp-2715521,Na4HfScSi2PO12,"Hf,Na,O,P,Sc,Si",4.1143,0.018657920674604,False,data\eu_candidates\cifs\mp-2715521__Na4HfScSi2PO12.cif,True,False,False,False,False,False,True,False,True,Materials Project,True,False,core,True
mp-2714963,Na4MgSc(PO4)3,"Mg,Na,O,P,Sc",4.5314,0.0,False,data\eu_candidates\cifs\mp-2714963__Na4MgSc_PO4_3.cif,True,False,False,False,False,False,True,False,True,Materials Project,True,False,core,True
mp-2714473,Na4Sc2Si(PO6)2,"Na,O,P,Sc,Si",4.388,0.007423912698411,False,data\eu_candidates\cifs\mp-2714473__Na4Sc2Si_PO6_2.cif,True,False,False,False,False,False,True,False,True,Materials Project,True,False,core,True
mp-555825,Na4Sc2Si4O13,"Na,O,Sc,Si",4.8179,0.0,False,data\eu_candidates\cifs\mp-555825__Na4Sc2Si4O13.cif,True,False,False,False,False,False,True,False,True,Materials Project,True,False,core,True
mp-1221157,Na4Sc3In(SiO3)8,"In,Na,O,Sc,Si",4.5797,0.001113441,False,data\eu_candidates\cifs\mp-1221157__Na4Sc3In_SiO3_8.cif,True,False,False,False,False,False,True,True,True,Materials Project,True,False,core,True
mp-2713292,Na4Sc3Ta(PO4)6,"Na,O,P,Sc,Ta",3.2201,0.010533314561403,False,data\eu_candidates\cifs\mp-2713292__Na4Sc3Ta_PO4_6.cif,True,False,False,False,False,False,True,False,True,Materials Project,True,False,core,True
mp-1221158,Na4ScIn3(SiO3)8,"In,Na,O,Sc,Si",3.8,0.00099003725,False,data\eu_candidates\cifs\mp-1221158__Na4ScIn3_SiO3_8.cif,True,False,False,False,False,False,True,True,True,Materials Project,True,False,core,True
mp-2714522,Na4ScInSi(PO6)2,"In,Na,O,P,Sc,Si",3.576699999999999,0.023035871567458,False,data\eu_candidates\cifs\mp-2714522__Na4ScInSi_PO6_2.cif,True,False,False,False,False,False,True,True,True,Materials Project,True,False,core,True
mp-2716396,Na4ScTa(SiO4)3,"Na,O,Sc,Si,Ta",3.4989,0.028208351865075,False,data\eu_candidates\cifs\mp-2716396__Na4ScTa_SiO4_3.cif,True,False,False,False,False,False,True,False,True,Materials Project,True,False,core,True
mp-2715019,Na4ScZn(PO4)3,"Na,O,P,Sc,Zn",4.1625,0.025777353253959,False,data\eu_candidates\cifs\mp-2715019__Na4ScZn_PO4_3.cif,True,False,False,False,False,False,True,False,True,Materials Project,True,False,core,True
mp-2715220,Na4YMg(PO4)3,"Mg,Na,O,P,Y",4.2816,0.019349313809523,False,data\eu_candidates\cifs\mp-2715220__Na4YMg_PO4_3.cif,True,False,True,False,False,False,False,False,True,Materials Project,True,False,core,True
mp-2714427,Na4YScSi(PO6)2,"Na,O,P,Sc,Si,Y",4.101999999999999,0.023363178973919,False,data\eu_candidates\cifs\mp-2714427__Na4YScSi_PO6_2.cif,True,False,True,False,False,False,True,False,True,Materials Project,True,False,core,True
mp-2715799,Na4ZrScSi2PO12,"Na,O,P,Sc,Si,Zr",4.1125,0.024959461190475,False,data\eu_candidates\cifs\mp-2715799__Na4ZrScSi2PO12.cif,True,False,False,False,False,False,True,False,True,Materials Project,True,False,core,True
mp-559777,Na5Ca2Al(PO4)4,"Al,Ca,Na,O,P",4.8096,0.0,False,data\eu_candidates\cifs\mp-559777__Na5Ca2Al_PO4_4.cif,True,False,False,False,False,False,False,False,False,Materials Project,True,False,core,True
mp-2716117,Na5CaHf3SiP5O24,"Ca,Hf,Na,O,P,Si",4.283200000000001,0.022279542489317,False,data\eu_candidates\cifs\mp-2716117__Na5CaHf3SiP5O24.cif,True,False,False,False,False,False,False,False,False,Materials Project,True,False,core,True
mp-2715897,Na5CaZr3SiP5O24,"Ca,Na,O,P,Si,Zr",3.6222,0.019735130277777,False,data\eu_candidates\cifs\mp-2715897__Na5CaZr3SiP5O24.cif,True,False,False,False,False,False,False,False,False,Materials Project,True,False,core,True
mp-556070,Na5Gd(MoO4)4,"Gd,Mo,Na,O",3.3922,0.0,False,data\eu_candidates\cifs\mp-556070__Na5Gd_MoO4_4.cif,True,False,False,True,False,False,False,False,True,Materials Project,True,False,core,True
mp-2714300,Na5Hf2Sc2SiP5O24,"Hf,Na,O,P,Sc,Si",4.2822,0.01635834620726,False,data\eu_candidates\cifs\mp-2714300__Na5Hf2Sc2SiP5O24.cif,True,False,False,False,False,False,True,False,True,Materials Project,True,False,core,True
mp-2713195,Na5HfSc3(PO4)6,"Hf,Na,O,P,Sc",4.1826,0.015206278611104,False,data\eu_candidates\cifs\mp-2713195__Na5HfSc3_PO4_6.cif,True,False,False,False,False,False,True,False,True,Materials Project,True,False,core,True
mp-19479,Na5La(MoO4)4,"La,Mo,Na,O",4.0837,0.0,False,data\eu_candidates\cifs\mp-19479__Na5La_MoO4_4.cif,True,False,False,False,True,False,False,False,True,Materials Project,True,False,core,True
mp-540937,Na5La(WO4)4,"La,Na,O,W",4.8522,0.003015073653845,False,data\eu_candidates\cifs\mp-540937__Na5La_WO4_4.cif,True,False,False,False,True,False,False,False,True,Materials Project,True,False,core,True
mp-19464,Na5Lu(MoO4)4,"Lu,Mo,Na,O",3.8389,0.0,False,data\eu_candidates\cifs\mp-19464__Na5Lu_MoO4_4.cif,True,False,False,False,False,True,False,False,True,Materials Project,True,False,core,True
mp-1133325,Na5Lu(SiO3)4,"Lu,Na,O,Si",3.8211,0.007801699962124,False,data\eu_candidates\cifs\mp-1133325__Na5Lu_SiO3_4.cif,True,False,False,False,False,True,False,False,True,Materials Project,True,False,core,True
mp-541643,Na5Lu(WO4)4,"Lu,Na,O,W",4.6675,0.012907964999997,False,data\eu_candidates\cifs\mp-541643__Na5Lu_WO4_4.cif,True,False,False,False,False,True,False,False,True,Materials Project,True,False,core,True
mp-2715823,Na5Sc3TaSiP5O24,"Na,O,P,Sc,Si,Ta",3.2933,0.02865648839742,False,data\eu_candidates\cifs\mp-2715823__Na5Sc3TaSiP5O24.cif,True,False,False,False,False,False,True,False,True,Materials Project,True,False,core,True
mp-19497,Na5Y(MoO4)4,"Mo,Na,O,Y",3.9433,0.0,False,data\eu_candidates\cifs\mp-19497__Na5Y_MoO4_4.cif,True,False,True,False,False,False,False,False,True,Materials Project,True,False,core,True
mp-18944,Na5Y(WO4)4,"Na,O,W,Y",4.756799999999999,0.005729709759613,False,data\eu_candidates\cifs\mp-18944__Na5Y_WO4_4.cif,True,False,True,False,False,False,False,False,True,Materials Project,True,False,core,True
mp-2714204,Na5Y2Hf2SiP5O24,"Hf,Na,O,P,Si,Y",4.337899999999999,0.029316287083331,False,data\eu_candidates\cifs\mp-2714204__Na5Y2Hf2SiP5O24.cif,True,False,True,False,False,False,False,False,True,Materials Project,True,False,core,True
mp-2715911,Na5Y2Zr2SiP5O24,"Na,O,P,Si,Y,Zr",3.792399999999999,0.029254342040594,False,data\eu_candidates\cifs\mp-2715911__Na5Y2Zr2SiP5O24.cif,True,False,True,False,False,False,False,False,True,Materials Project,True,False,core,True
mp-2713334,Na5Y3Hf(PO4)6,"Hf,Na,O,P,Y",4.0798,0.026359511335466,False,data\eu_candidates\cifs\mp-2713334__Na5Y3Hf_PO4_6.cif,True,False,True,False,False,False,False,False,True,Materials Project,True,False,core,True
mp-2716511,Na5Y3Zr(PO4)6,"Na,O,P,Y,Zr",3.8299,0.019275336485039,False,data\eu_candidates\cifs\mp-2716511__Na5Y3Zr_PO4_6.cif,True,False,True,False,False,False,False,False,True,Materials Project,True,False,core,True
mp-2716040,Na5Zr2Sc2SiP5O24,"Na,O,P,Sc,Si,Zr",3.9705,0.021915784615382,False,data\eu_candidates\cifs\mp-2716040__Na5Zr2Sc2SiP5O24.cif,True,False,False,False,False,False,True,False,True,Materials Project,True,False,core,True
mp-2713446,Na5ZrSc3(PO4)6,"Na,O,P,Sc,Zr",3.8232,0.016957667094017,False,data\eu_candidates\cifs\mp-2713446__Na5ZrSc3_PO4_6.cif,True,False,False,False,False,False,True,False,True,Materials Project,True,False,core,True
mp-2715307,Na6CaHf3Si2(PO6)4,"Ca,Hf,Na,O,P,Si",4.2252,0.020712260770832,False,data\eu_candidates\cifs\mp-2715307__Na6CaHf3Si2_PO6_4.cif,True,False,False,False,False,False,False,False,False,Materials Project,True,False,core,True
mp-2714863,Na6CaHf7(PO4)12,"Ca,Hf,Na,O,P",4.6754,0.0093027731982,False,data\eu_candidates\cifs\mp-2714863__Na6CaHf7_PO4_12.cif,True,False,False,False,False,False,False,False,False,Materials Project,True,False,core,True
mp-695056,Na6CaZr(SiO3)6,"Ca,Na,O,Si,Zr",4.314500000000001,0.017124206354171,False,data\eu_candidates\cifs\mp-695056__Na6CaZr_SiO3_6.cif,True,False,False,False,False,False,False,False,False,Materials Project,True,False,core,True
mp-2715323,Na6CaZr3Si2(PO6)4,"Ca,Na,O,P,Si,Zr",3.6024000000000003,0.024034620437502,False,data\eu_candidates\cifs\mp-2715323__Na6CaZr3Si2_PO6_4.cif,True,False,False,False,False,False,False,False,False,Materials Project,True,False,core,True
mp-2714798,Na6CaZr7(PO4)12,"Ca,Na,O,P,Zr",3.775499999999999,0.013069049380632,False,data\eu_candidates\cifs\mp-2714798__Na6CaZr7_PO4_12.cif,True,False,False,False,False,False,False,False,False,Materials Project,True,False,core,True
mp-2715430,Na6ScTa3(SiO4)6,"Na,O,Sc,Si,Ta",3.7323,0.022547993208338,False,data\eu_candidates\cifs\mp-2715430__Na6ScTa3_SiO4_6.cif,True,False,False,False,False,False,True,False,True,Materials Project,True,False,core,True
mp-2715275,Na6YTa3(SiO4)6,"Na,O,Si,Ta,Y",3.7813,0.026866663812501,False,data\eu_candidates\cifs\mp-2715275__Na6YTa3_SiO4_6.cif,True,False,True,False,False,False,False,False,True,Materials Project,True,False,core,True
mp-2714940,Na7CaHf3Si3(PO8)3,"Ca,Hf,Na,O,P,Si",4.0112,0.027613427083329,False,data\eu_candidates\cifs\mp-2714940__Na7CaHf3Si3_PO8_3.cif,True,False,False,False,False,False,False,False,False,Materials Project,True,False,core,True
mp-2714228,Na7CaIn3(PO4)6,"Ca,In,Na,O,P",3.2328,0.027379805067753,False,data\eu_candidates\cifs\mp-2714228__Na7CaIn3_PO4_6.cif,True,False,False,False,False,False,False,True,True,Materials Project,True,False,core,True
mp-2714055,Na7CaSc3(PO4)6,"Ca,Na,O,P,Sc",4.2199,0.01091156727642,False,data\eu_candidates\cifs\mp-2714055__Na7CaSc3_PO4_6.cif,True,False,False,False,False,False,True,False,True,Materials Project,True,False,core,True
mp-2714123,Na7CaY3(PO4)6,"Ca,Na,O,P,Y",4.2431,0.017855114288611,False,data\eu_candidates\cifs\mp-2714123__Na7CaY3_PO4_6.cif,True,False,True,False,False,False,False,False,True,Materials Project,True,False,core,True
mp-2714639,Na7Hf2Sc2Si3(PO8)3,"Hf,Na,O,P,Sc,Si",4.4629,0.015163521707314,False,data\eu_candidates\cifs\mp-2714639__Na7Hf2Sc2Si3_PO8_3.cif,True,False,False,False,False,False,True,False,True,Materials Project,True,False,core,True
mp-2714246,Na7MgSc3(PO4)6,"Mg,Na,O,P,Sc",4.3991,0.008083348089431,False,data\eu_candidates\cifs\mp-2714246__Na7MgSc3_PO4_6.cif,True,False,False,False,False,False,True,False,True,Materials Project,True,False,core,True
mp-2715539,Na7Sc2In2SiP5O24,"In,Na,O,P,Sc,Si",3.7543,0.022548780619917,False,data\eu_candidates\cifs\mp-2715539__Na7Sc2In2SiP5O24.cif,True,False,False,False,False,False,True,True,True,Materials Project,True,False,core,True
mp-2714172,Na7Sc3Zn(PO4)6,"Na,O,P,Sc,Zn",4.402,0.018698877479669,False,data\eu_candidates\cifs\mp-2714172__Na7Sc3Zn_PO4_6.cif,True,False,False,False,False,False,True,False,True,Materials Project,True,False,core,True
mp-2715658,Na7Sc4SiP5O24,"Na,O,P,Sc,Si",4.5512,0.011241349796747,False,data\eu_candidates\cifs\mp-2715658__Na7Sc4SiP5O24.cif,True,False,False,False,False,False,True,False,True,Materials Project,True,False,core,True
mp-2715180,Na7Y2Hf2Si3(PO8)3,"Hf,Na,O,P,Si,Y",4.2706,0.023779409776424,False,data\eu_candidates\cifs\mp-2715180__Na7Y2Hf2Si3_PO8_3.cif,True,False,True,False,False,False,False,False,True,Materials Project,True,False,core,True
mp-2715621,Na7Y2In2SiP5O24,"In,Na,O,P,Si,Y",3.631999999999999,0.029202285467482,False,data\eu_candidates\cifs\mp-2715621__Na7Y2In2SiP5O24.cif,True,False,True,False,False,False,False,True,True,Materials Project,True,False,core,True
mp-559103,Na7Y2P7O24,"Na,O,P,Y",5.0633,0.003133418562498,False,data\eu_candidates\cifs\mp-559103__Na7Y2P7O24.cif,True,False,True,False,False,False,False,False,True,Materials Project,True,False,core,True
mp-2715598,Na7Y2Sc2SiP5O24,"Na,O,P,Sc,Si,Y",4.3819,0.019170942500001,False,data\eu_candidates\cifs\mp-2715598__Na7Y2Sc2SiP5O24.cif,True,False,True,False,False,False,True,False,True,Materials Project,True,False,core,True
mp-2714278,Na7Y3Mg(PO4)6,"Mg,Na,O,P,Y",4.3364,0.017057006443089,False,data\eu_candidates\cifs\mp-2714278__Na7Y3Mg_PO4_6.cif,True,False,True,False,False,False,False,False,True,Materials Project,True,False,core,True
mp-2714292,Na7Y3Zn(PO4)6,"Na,O,P,Y,Zn",4.2018,0.028213553597566,False,data\eu_candidates\cifs\mp-2714292__Na7Y3Zn_PO4_6.cif,True,False,True,False,False,False,False,False,True,Materials Project,True,False,core,True
mp-2715790,Na7Y4SiP5O24,"Na,O,P,Si,Y",4.0813,0.025751905447157,False,data\eu_candidates\cifs\mp-2715790__Na7Y4SiP5O24.cif,True,False,True,False,False,False,False,False,True,Materials Project,True,False,core,True
mp-2714899,Na7Zr2Sc2Si3(PO8)3,"Na,O,P,Sc,Si,Zr",4.3622,0.022037505497968,False,data\eu_candidates\cifs\mp-2714899__Na7Zr2Sc2Si3_PO8_3.cif,True,False,False,False,False,False,True,False,True,Materials Project,True,False,core,True
mp-2714953,Na8Ca3Hf(PO4)6,"Ca,Hf,Na,O,P",3.594,0.020347108412693,False,data\eu_candidates\cifs\mp-2714953__Na8Ca3Hf_PO4_6.cif,True,False,False,False,False,False,False,False,False,Materials Project,True,False,core,True
mp-2715718,Na8CaHf3Si4(PO12)2,"Ca,Hf,Na,O,P,Si",4.0714,0.023745070029765,False,data\eu_candidates\cifs\mp-2715718__Na8CaHf3Si4_PO12_2.cif,True,False,False,False,False,False,False,False,False,Materials Project,True,False,core,True
mp-2715678,Na8Sc3TaSi4(PO12)2,"Na,O,P,Sc,Si,Ta",3.1696,0.02386998895833,False,data\eu_candidates\cifs\mp-2715678__Na8Sc3TaSi4_PO12_2.cif,True,False,False,False,False,False,True,False,True,Materials Project,True,False,core,True
mp-2713075,Na9Ca2Ta10Si9(PO8)9,"Ca,Na,O,P,Si,Ta",3.027199999999999,0.025044162141142,False,data\eu_candidates\cifs\mp-2713075__Na9Ca2Ta10Si9_PO8_9.cif,True,False,False,False,False,False,False,False,False,Materials Project,True,False,core,True
mp-2715480,Na9CaTa5(SiO4)9,"Ca,Na,O,Si,Ta",3.0784,0.029287780500004,False,data\eu_candidates\cifs\mp-2715480__Na9CaTa5_SiO4_9.cif,True,False,False,False,False,False,False,False,False,Materials Project,True,False,core,True
mp-1201917,Na9Sc(MoO4)6,"Mo,Na,O,Sc",4.2232,0.004016317406243,False,data\eu_candidates\cifs\mp-1201917__Na9Sc_MoO4_6.cif,True,False,False,False,False,False,True,False,True,Materials Project,True,False,core,True
mp-1020683,NaCa(PO3)3,"Ca,Na,O,P",5.4489,0.0,False,data\eu_candidates\cifs\mp-1020683__NaCa_PO3_3.cif,True,False,False,False,False,False,False,False,False,Materials Project,True,False,core,True
mp-1221168,NaCa10(PO4)7,"Ca,Na,O,P",4.999499999999999,0.0,False,data\eu_candidates\cifs\mp-1221168__NaCa10_PO4_7.cif,True,False,False,False,False,False,False,False,False,Materials Project,True,False,core,True
mp-677573,NaCa2Mg2(AsO4)3,"As,Ca,Mg,Na,O",3.1301,0.0,False,data\eu_candidates\cifs\mp-677573__NaCa2Mg2_AsO4_3.cif,True,False,False,False,False,False,False,False,False,Materials Project,True,False,core,True
mp-706239,NaCa2Mg2V3O12,"Ca,Mg,Na,O,V",3.3486,0.0,False,data\eu_candidates\cifs\mp-706239__NaCa2Mg2V3O12.cif,True,False,False,False,False,False,False,False,False,Materials Project,True,False,core,True
mp-534778,NaCa2ScZn2(SiO3)6,"Ca,Na,O,Sc,Si,Zn",4.494099999999999,0.025851486666662,False,data\eu_candidates\cifs\mp-534778__NaCa2ScZn2_SiO3_6.cif,True,False,False,False,False,False,True,False,True,Materials Project,True,False,core,True
mp-706235,NaCa2V3Zn2O12,"Ca,Na,O,V,Zn",3.0491,0.0,False,data\eu_candidates\cifs\mp-706235__NaCa2V3Zn2O12.cif,True,False,False,False,False,False,False,False,False,Materials Project,True,False,core,True
mp-693463,NaCa3ScZn3(SiO3)8,"Ca,Na,O,Sc,Si,Zn",4.3798,0.029447070625,False,data\eu_candidates\cifs\mp-693463__NaCa3ScZn3_SiO3_8.cif,True,False,False,False,False,False,True,False,True,Materials Project,True,False,core,True
mp-554240,NaCa4(BO3)3,"B,Ca,Na,O",4.0868,0.00859340029411,False,data\eu_candidates\cifs\mp-554240__NaCa4_BO3_3.cif,True,False,False,False,False,False,False,False,False,Materials Project,True,False,core,True
mp-9467,NaCa9Mg(PO4)7,"Ca,Mg,Na,O,P",5.1723,0.0,False,data\eu_candidates\cifs\mp-9467__NaCa9Mg_PO4_7.cif,True,False,False,False,False,False,False,False,False,Materials Project,True,False,core,True
mp-1221104,NaCaAlSi2O7,"Al,Ca,Na,O,Si",4.562,0.013289227118076,False,data\eu_candidates\cifs\mp-1221104__NaCaAlSi2O7.cif,True,False,False,False,False,False,False,False,False,Materials Project,True,False,core,True
mp-1193109,NaCaAsO4,"As,Ca,Na,O",3.5934,0.0,False,data\eu_candidates\cifs\mp-1193109__NaCaAsO4.cif,True,False,False,False,False,False,False,False,False,Materials Project,True,False,core,True
mp-1221129,NaCaBO3,"B,Ca,Na,O",3.8471,0.0,False,data\eu_candidates\cifs\mp-1221129__NaCaBO3.cif,True,False,False,False,False,False,False,False,False,Materials Project,True,False,core,True
mp-1221117,NaCaGaSi2O7,"Ca,Ga,Na,O,Si",4.1425,0.004928235902769,False,data\eu_candidates\cifs\mp-1221117__NaCaGaSi2O7.cif,True,False,False,False,False,False,False,False,False,Materials Project,True,False,core,True
mp-1221089,NaCaMgAl(SiO3)4,"Al,Ca,Mg,Na,O,Si",5.0296,0.018537424781251,False,data\eu_candidates\cifs\mp-1221089__NaCaMgAl_SiO3_4.cif,True,False,False,False,False,False,False,False,False,Materials Project,True,False,core,True
mp-14401,NaCaPO4,"Ca,Na,O,P",5.0934,0.0,False,data\eu_candidates\cifs\mp-14401__NaCaPO4.cif,True,False,False,False,False,False,False,False,False,Materials Project,True,False,core,True
mp-684991,NaCaScZn(SiO3)4,"Ca,Na,O,Sc,Si,Zn",4.729,0.019179824749991,False,data\eu_candidates\cifs\mp-684991__NaCaScZn_SiO3_4.cif,True,False,False,False,False,False,True,False,True,Materials Project,True,False,core,True
mp-19302,NaCaVO4,"Ca,Na,O,V",3.6886,0.0,False,data\eu_candidates\cifs\mp-19302__NaCaVO4.cif,True,False,False,False,False,False,False,False,False,Materials Project,True,False,core,True
mp-561131,NaGd(PO3)4,"Gd,Na,O,P",3.3984,0.00124101775463,False,data\eu_candidates\cifs\mp-561131__NaGd_PO3_4.cif,True,False,False,True,False,False,False,False,True,Materials Project,True,False,core,True
mp-18547,NaGdGeO4,"Gd,Ge,Na,O",3.3011,0.0,False,data\eu_candidates\cifs\mp-18547__NaGdGeO4.cif,True,True,False,True,False,False,False,False,True,Materials Project,True,False,core,True
mp-5088,NaGdO2,"Gd,Na,O",3.1172,0.0,False,data\eu_candidates\cifs\mp-5088__NaGdO2.cif,True,False,False,True,False,False,False,False,True,Materials Project,True,False,core,True
mp-1220764,NaHfScO4,"Hf,Na,O,Sc",4.106,0.0,False,data\eu_candidates\cifs\mp-1220764__NaHfScO4.cif,True,False,False,False,False,False,True,False,True,Materials Project,True,False,core,True
mp-6741,NaLa(PO3)4,"La,Na,O,P",5.095599999999999,0.0,False,data\eu_candidates\cifs\mp-6741__NaLa_PO3_4.cif,True,False,False,False,True,False,False,False,True,Materials Project,True,False,core,True
mp-1220735,NaLa(WO4)2,"La,Na,O,W",4.264,0.008414808645861,False,data\eu_candidates\cifs\mp-1220735__NaLa_WO4_2.cif,True,False,False,False,True,False,False,False,True,Materials Project,True,False,core,True
mp-13019,NaLa2TaO6,"La,Na,O,Ta",3.979199999999999,0.0,False,data\eu_candidates\cifs\mp-13019__NaLa2TaO6.cif,True,False,False,False,True,False,False,False,True,Materials Project,True,False,core,True
mp-1173608,NaLa5Mg4(WO6)4,"La,Mg,Na,O,W",3.3623,0.016947698552636,False,data\eu_candidates\cifs\mp-1173608__NaLa5Mg4_WO6_4.cif,True,False,False,False,True,False,False,False,True,Materials Project,True,False,core,True
mp-1220900,NaLa9(Ge3O13)2,"Ge,La,Na,O",3.808,0.0,False,data\eu_candidates\cifs\mp-1220900__NaLa9_Ge3O13_2.cif,True,True,False,False,True,False,False,False,True,Materials Project,True,False,core,True
mp-1173567,NaLaMgWO6,"La,Mg,Na,O,W",3.5197000000000003,0.0,False,data\eu_candidates\cifs\mp-1173567__NaLaMgWO6.cif,True,False,False,False,True,False,False,False,True,Materials Project,True,False,core,True
mp-755586,NaLaO2,"La,Na,O",3.2411,0.0,False,data\eu_candidates\cifs\mp-755586__NaLaO2.cif,True,False,False,False,True,False,False,False,True,Materials Project,True,False,core,True
mp-560939,NaLaP2O7,"La,Na,O,P",4.4794,0.016566950378791,False,data\eu_candidates\cifs\mp-560939__NaLaP2O7.cif,True,False,False,False,True,False,False,False,True,Materials Project,True,False,core,True
mp-1220803,NaLaScSbO6,"La,Na,O,Sb,Sc",3.311199999999999,0.016874410354162,False,data\eu_candidates\cifs\mp-1220803__NaLaScSbO6.cif,True,False,False,False,True,False,True,False,True,Materials Project,True,False,core,True
mp-1020648,NaLaSiO4,"La,Na,O,Si",4.5657,0.0,False,data\eu_candidates\cifs\mp-1020648__NaLaSiO4.cif,True,False,False,False,True,False,False,False,True,Materials Project,True,False,core,True
mp-6712,NaLuGeO4,"Ge,Lu,Na,O",3.632,0.0,False,data\eu_candidates\cifs\mp-6712__NaLuGeO4.cif,True,True,False,False,False,True,False,False,True,Materials Project,True,False,core,True
mp-755311,NaLuO2,"Lu,Na,O",4.061,0.0,False,data\eu_candidates\cifs\mp-755311__NaLuO2.cif,True,False,False,False,False,True,False,False,True,Materials Project,True,False,core,True
mp-561535,NaLuP2O7,"Lu,Na,O,P",5.377800000000001,0.0,False,data\eu_candidates\cifs\mp-561535__NaLuP2O7.cif,True,False,False,False,False,True,False,False,True,Materials Project,True,False,core,True
mp-8054,NaSc(GeO3)2,"Ge,Na,O,Sc",3.5612,0.0,False,data\eu_candidates\cifs\mp-8054__NaSc_GeO3_2.cif,True,True,False,False,False,False,True,False,True,Materials Project,True,False,core,True
mp-7074,NaSc(SiO3)2,"Na,O,Sc,Si",4.950100000000001,0.0,False,data\eu_candidates\cifs\mp-7074__NaSc_SiO3_2.cif,True,False,False,False,False,False,True,False,True,Materials Project,True,False,core,True
mp-1210161,NaSc(WO4)2,"Na,O,Sc,W",3.501899999999999,0.0,False,data\eu_candidates\cifs\mp-1210161__NaSc_WO4_2.cif,True,False,False,False,False,False,True,False,True,Materials Project,True,False,core,True
mp-550925,NaScAs2O7,"As,Na,O,Sc",3.46,0.0,False,data\eu_candidates\cifs\mp-550925__NaScAs2O7.cif,True,False,False,False,False,False,True,False,True,Materials Project,True,False,core,True
mp-555447,NaScB2O5,"B,Na,O,Sc",4.923599999999999,0.0,False,data\eu_candidates\cifs\mp-555447__NaScB2O5.cif,True,False,False,False,False,False,True,False,True,Materials Project,True,False,core,True
mp-7914,NaScO2,"Na,O,Sc",3.979999999999999,0.0,False,data\eu_candidates\cifs\mp-7914__NaScO2.cif,True,False,False,False,False,False,True,False,True,Materials Project,True,False,core,True
mp-1200860,NaScP2O7,"Na,O,P,Sc",4.791499999999999,0.0,False,data\eu_candidates\cifs\mp-1200860__NaScP2O7.cif,True,False,False,False,False,False,True,False,True,Materials Project,True,False,core,True
mp-2713507,NaScTa(PO4)3,"Na,O,P,Sc,Ta",3.2033,0.007889692037034,False,data\eu_candidates\cifs\mp-2713507__NaScTa_PO4_3.cif,True,False,False,False,False,False,True,False,True,Materials Project,True,False,core,True
mp-2715814,NaScTa3SiP5O24,"Na,O,P,Sc,Si,Ta",3.116799999999999,0.007655251142853,False,data\eu_candidates\cifs\mp-2715814__NaScTa3SiP5O24.cif,True,False,False,False,False,False,True,False,True,Materials Project,True,False,core,True
mp-1020657,NaSr(PO3)3,"Na,O,P,Sr",5.4112,0.0,False,data\eu_candidates\cifs\mp-1020657__NaSr_PO3_3.cif,True,False,False,False,False,False,False,False,False,Materials Project,True,False,core,True
mp-6361,NaSr3NbO6,"Na,Nb,O,Sr",3.2962,0.0,False,data\eu_candidates\cifs\mp-6361__NaSr3NbO6.cif,True,False,False,False,False,False,False,False,False,Materials Project,True,False,core,True
mp-13042,NaSr3TaO6,"Na,O,Sr,Ta",3.8787,0.0,False,data\eu_candidates\cifs\mp-13042__NaSr3TaO6.cif,True,False,False,False,False,False,False,False,False,Materials Project,True,False,core,True
mp-560768,NaSr4(BO3)3,"B,Na,O,Sr",3.969,0.014512940147059,False,data\eu_candidates\cifs\mp-560768__NaSr4_BO3_3.cif,True,False,False,False,False,False,False,False,False,Materials Project,True,False,core,True
mp-561514,NaSrB5O9,"B,Na,O,Sr",5.4486,0.0,False,data\eu_candidates\cifs\mp-561514__NaSrB5O9.cif,True,False,False,False,False,False,False,False,False,Materials Project,True,False,core,True
mp-556695,NaSrBO3,"B,Na,O,Sr",3.8575,0.0,False,data\eu_candidates\cifs\mp-556695__NaSrBO3.cif,True,False,False,False,False,False,False,False,False,Materials Project,True,False,core,True
mp-1518616,NaSrHfSbO6,"Hf,Na,O,Sb,Sr",3.2996,0.0277488285,False,data\eu_candidates\cifs\mp-1518616__NaSrHfSbO6.cif,True,False,False,False,False,False,False,False,False,Materials Project,True,False,core,True
mp-1210115,NaSrPO4,"Na,O,P,Sr",4.5196000000000005,0.0,False,data\eu_candidates\cifs\mp-1210115__NaSrPO4.cif,True,False,False,False,False,False,False,False,False,Materials Project,True,False,core,True
mp-1518455,NaSrZrSbO6,"Na,O,Sb,Sr,Zr",3.1782,0.02738695775,False,data\eu_candidates\cifs\mp-1518455__NaSrZrSbO6.cif,True,False,False,False,False,False,False,False,False,Materials Project,True,False,core,True
mp-1220703,NaY(MoO4)2,"Mo,Na,O,Y",3.2744,0.017837148999998,False,data\eu_candidates\cifs\mp-1220703__NaY_MoO4_2.cif,True,False,True,False,False,False,False,False,True,Materials Project,True,False,core,True
mp-555030,NaY(PO3)4,"Na,O,P,Y",5.7942,0.01252096900464,False,data\eu_candidates\cifs\mp-555030__NaY_PO3_4.cif,True,False,True,False,False,False,False,False,True,Materials Project,True,False,core,True
mp-560039,NaY(SiO3)2,"Na,O,Si,Y",4.709,0.006429429319448,False,data\eu_candidates\cifs\mp-560039__NaY_SiO3_2.cif,True,False,True,False,False,False,False,False,True,Materials Project,True,False,core,True
mp-1220819,NaY9(Si3O13)2,"Na,O,Si,Y",4.4348,0.020631757817456,False,data\eu_candidates\cifs\mp-1220819__NaY9_Si3O13_2.cif,True,False,True,False,False,False,False,False,True,Materials Project,True,False,core,True
mp-17394,NaYGeO4,"Ge,Na,O,Y",3.647,0.0,False,data\eu_candidates\cifs\mp-17394__NaYGeO4.cif,True,True,True,False,False,False,False,False,True,Materials Project,True,False,core,True
mp-1037632,NaYMg30O32,"Mg,Na,O,Y",4.229699999999999,0.029799687695312,False,data\eu_candidates\cifs\mp-1037632__NaYMg30O32.cif,True,False,True,False,False,False,False,False,True,Materials Project,True,False,core,True
mp-30980,NaYO2,"Na,O,Y",4.1319,0.0,False,data\eu_candidates\cifs\mp-30980__NaYO2.cif,True,False,True,False,False,False,False,False,True,Materials Project,True,False,core,True
mp-9427,NaYP2O7,"Na,O,P,Y",5.2806,0.006094043030303,False,data\eu_candidates\cifs\mp-9427__NaYP2O7.cif,True,False,True,False,False,False,False,False,True,Materials Project,True,False,core,True
mp-17891,NaYSiO4,"Na,O,Si,Y",4.2796,0.0,False,data\eu_candidates\cifs\mp-17891__NaYSiO4.cif,True,False,True,False,False,False,False,False,True,Materials Project,True,False,core,True
mp-2715693,NaYTa3SiP5O24,"Na,O,P,Si,Ta,Y",3.1691,0.015055451785711,False,data\eu_candidates\cifs\mp-2715693__NaYTa3SiP5O24.cif,True,False,True,False,False,False,False,False,True,Materials Project,True,False,core,True
mp-1220772,NaZrScO4,"Na,O,Sc,Zr",3.662499999999999,0.014121009553571,False,data\eu_candidates\cifs\mp-1220772__NaZrScO4.cif,True,False,False,False,False,False,True,False,True,Materials Project,True,False,core,True
mp-1020641,Rb2Ca2(SiO3)3,"Ca,O,Rb,Si",4.133500000000001,0.0,False,data\eu_candidates\cifs\mp-1020641__Rb2Ca2_SiO3_3.cif,True,False,False,False,False,False,False,False,False,Materials Project,True,False,core,True
mp-559758,Rb2CaV2O7,"Ca,O,Rb,V",3.4941,0.0,False,data\eu_candidates\cifs\mp-559758__Rb2CaV2O7.cif,True,False,False,False,False,False,False,False,False,Materials Project,True,False,core,True
mp-555485,Rb2GdGa(SiO3)4,"Ga,Gd,O,Rb,Si",3.3463,0.0,False,data\eu_candidates\cifs\mp-555485__Rb2GdGa_SiO3_4.cif,True,False,False,True,False,False,False,False,True,Materials Project,True,False,core,True
mp-1209338,Rb2Sr(PO3)4,"O,P,Rb,Sr",5.437200000000001,0.0,False,data\eu_candidates\cifs\mp-1209338__Rb2Sr_PO3_4.cif,True,False,False,False,False,False,False,False,False,Materials Project,True,False,core,True
mp-14354,Rb2SrP2O7,"O,P,Rb,Sr",4.712999999999999,0.0,False,data\eu_candidates\cifs\mp-14354__Rb2SrP2O7.cif,True,False,False,False,False,False,False,False,False,Materials Project,True,False,core,True
mp-555230,Rb2YGa(SiO3)4,"Ga,O,Rb,Si,Y",4.169399999999999,0.0,False,data\eu_candidates\cifs\mp-555230__Rb2YGa_SiO3_4.cif,True,False,True,False,False,False,False,False,True,Materials Project,True,False,core,True
mp-1209773,Rb3La3(BO3)4,"B,La,O,Rb",3.8383,0.0,False,data\eu_candidates\cifs\mp-1209773__Rb3La3_BO3_4.cif,True,False,False,False,True,False,False,False,True,Materials Project,True,False,core,True
mp-1103735,Rb3Lu(PO4)2,"Lu,O,P,Rb",4.6991,0.0,False,data\eu_candidates\cifs\mp-1103735__Rb3Lu_PO4_2.cif,True,False,False,False,False,True,False,False,True,Materials Project,True,False,core,True
mp-1220926,Rb3Na3Sc2(MoO4)6,"Mo,Na,O,Rb,Sc",3.453999999999999,0.00769329986842,False,data\eu_candidates\cifs\mp-1220926__Rb3Na3Sc2_MoO4_6.cif,True,False,False,False,False,False,True,False,True,Materials Project,True,False,core,True
mp-1205185,Rb3Sc2(AsO4)3,"As,O,Rb,Sc",3.8122,0.0,False,data\eu_candidates\cifs\mp-1205185__Rb3Sc2_AsO4_3.cif,True,False,False,False,False,False,True,False,True,Materials Project,True,False,core,True
mp-1209347,Rb3ScV2O8,"O,Rb,Sc,V",3.118,0.0,False,data\eu_candidates\cifs\mp-1209347__Rb3ScV2O8.cif,True,False,False,False,False,False,True,False,True,Materials Project,True,False,core,True
mp-1209357,Rb3Y(PO4)2,"O,P,Rb,Y",4.705,0.0,False,data\eu_candidates\cifs\mp-1209357__Rb3Y_PO4_2.cif,True,False,True,False,False,False,False,False,True,Materials Project,True,False,core,True
mp-556206,Rb3Y2(BO3)3,"B,O,Rb,Y",4.1682,0.0,False,data\eu_candidates\cifs\mp-556206__Rb3Y2_BO3_3.cif,True,False,True,False,False,False,False,False,True,Materials Project,True,False,core,True
mp-1209350,Rb3YV2O8,"O,Rb,V,Y",3.3415,0.0,False,data\eu_candidates\cifs\mp-1209350__Rb3YV2O8.cif,True,False,True,False,False,False,False,False,True,Materials Project,True,False,core,True
mp-1196343,Rb4BaV6O18,"Ba,O,Rb,V",3.0652,0.0,False,data\eu_candidates\cifs\mp-1196343__Rb4BaV6O18.cif,True,False,False,False,False,False,False,False,False,Materials Project,True,False,core,True
mp-1219815,Rb5Gd(MoO4)4,"Gd,Mo,O,Rb",3.0413,0.008390881442306,False,data\eu_candidates\cifs\mp-1219815__Rb5Gd_MoO4_4.cif,True,False,False,True,False,False,False,False,True,Materials Project,True,False,core,True
mp-17832,RbBaPO4,"Ba,O,P,Rb",4.995900000000001,0.0,False,data\eu_candidates\cifs\mp-17832__RbBaPO4.cif,True,False,False,False,False,False,False,False,False,Materials Project,True,False,core,True
mp-1197457,RbBaSc(SiO3)3,"Ba,O,Rb,Sc,Si",4.9748,0.0,False,data\eu_candidates\cifs\mp-1197457__RbBaSc_SiO3_3.cif,True,False,False,False,False,False,True,False,True,Materials Project,True,False,core,True
mp-1209393,RbGd(MoO4)2,"Gd,Mo,O,Rb",3.1143,0.0,False,data\eu_candidates\cifs\mp-1209393__RbGd_MoO4_2.cif,True,False,False,True,False,False,False,False,True,Materials Project,True,False,core,True
mp-561138,RbGd(PO3)4,"Gd,O,P,Rb",3.4649,0.0,False,data\eu_candidates\cifs\mp-561138__RbGd_PO3_4.cif,True,False,False,True,False,False,False,False,True,Materials Project,True,False,core,True
mp-7976,RbGdO2,"Gd,O,Rb",3.0036,0.0,False,data\eu_candidates\cifs\mp-7976__RbGdO2.cif,True,False,False,True,False,False,False,False,True,Materials Project,True,False,core,True
mp-18473,RbLa(MoO4)2,"La,Mo,O,Rb",3.8742,0.0,False,data\eu_candidates\cifs\mp-18473__RbLa_MoO4_2.cif,True,False,False,False,True,False,False,False,True,Materials Project,True,False,core,True
mp-18605,RbLa(WO4)2,"La,O,Rb,W",3.7897,0.0,False,data\eu_candidates\cifs\mp-18605__RbLa_WO4_2.cif,True,False,False,False,True,False,False,False,True,Materials Project,True,False,core,True
mp-7972,RbLaO2,"La,O,Rb",3.522,0.0,False,data\eu_candidates\cifs\mp-7972__RbLaO2.cif,True,False,False,False,True,False,False,False,True,Materials Project,True,False,core,True
mp-1209359,RbLu(WO4)2,"Lu,O,Rb,W",3.3097,0.0,False,data\eu_candidates\cifs\mp-1209359__RbLu_WO4_2.cif,True,False,False,False,False,True,False,False,True,Materials Project,True,False,core,True
mp-7480,RbLuO2,"Lu,O,Rb",3.693099999999999,0.0,False,data\eu_candidates\cifs\mp-7480__RbLuO2.cif,True,False,False,False,False,True,False,False,True,Materials Project,True,False,core,True
mp-559383,RbLuP2O7,"Lu,O,P,Rb",5.1811,0.0,False,data\eu_candidates\cifs\mp-559383__RbLuP2O7.cif,True,False,False,False,False,True,False,False,True,Materials Project,True,False,core,True
mp-1219651,RbNaCaTh(Si2O5)4,"Ca,Na,O,Rb,Si,Th",4.934799999999999,0.001286538346352,False,data\eu_candidates\cifs\mp-1219651__RbNaCaTh_Si2O5_4.cif,True,False,False,False,False,False,False,False,False,Materials Project,True,False,core,True
mp-1209180,RbSc(MoO4)2,"Mo,O,Rb,Sc",3.6046,0.0,False,data\eu_candidates\cifs\mp-1209180__RbSc_MoO4_2.cif,True,False,False,False,False,False,True,False,True,Materials Project,True,False,core,True
mp-1209239,RbSc(WO4)2,"O,Rb,Sc,W",3.1431,0.0,False,data\eu_candidates\cifs\mp-1209239__RbSc_WO4_2.cif,True,False,False,False,False,False,True,False,True,Materials Project,True,False,core,True
mp-554223,RbScAs2O7,"As,O,Rb,Sc",3.5429,0.0,False,data\eu_candidates\cifs\mp-554223__RbScAs2O7.cif,True,False,False,False,False,False,True,False,True,Materials Project,True,False,core,True
mp-7650,RbScO2,"O,Rb,Sc",3.452399999999999,0.0,False,data\eu_candidates\cifs\mp-7650__RbScO2.cif,True,False,False,False,False,False,True,False,True,Materials Project,True,False,core,True
mp-1209254,RbY(MoO4)2,"Mo,O,Rb,Y",3.6191999999999993,0.0,False,data\eu_candidates\cifs\mp-1209254__RbY_MoO4_2.cif,True,False,True,False,False,False,False,False,True,Materials Project,True,False,core,True
mp-1020656,RbY(PO3)4,"O,P,Rb,Y",5.4849,0.006059931250008,False,data\eu_candidates\cifs\mp-1020656__RbY_PO3_4.cif,True,False,True,False,False,False,False,False,True,Materials Project,True,False,core,True
mp-1209133,RbY(WO4)2,"O,Rb,W,Y",3.4123,0.0,False,data\eu_candidates\cifs\mp-1209133__RbY_WO4_2.cif,True,False,True,False,False,False,False,False,True,Materials Project,True,False,core,True
mp-14437,RbYO2,"O,Rb,Y",3.6087,0.0,False,data\eu_candidates\cifs\mp-14437__RbYO2.cif,True,False,True,False,False,False,False,False,True,Materials Project,True,False,core,True
mp-17897,RbYP2O7,"O,P,Rb,Y",5.1682,0.0,False,data\eu_candidates\cifs\mp-17897__RbYP2O7.cif,True,False,True,False,False,False,False,False,True,Materials Project,True,False,core,True
mp-5207,Sc(PO3)3,"O,P,Sc",5.1657,0.0,False,data\eu_candidates\cifs\mp-5207__Sc_PO3_3.cif,True,False,False,False,False,False,True,False,True,Materials Project,True,False,core,True
mp-676191,Sc11Nb3O24,"Nb,O,Sc",3.076,0.015800525789481,False,data\eu_candidates\cifs\mp-676191__Sc11Nb3O24.cif,True,False,False,False,False,False,True,False,True,Materials Project,True,False,core,True
mp-14118,Sc2(MoO4)3,"Mo,O,Sc",3.608399999999999,0.0,False,data\eu_candidates\cifs\mp-14118__Sc2_MoO4_3.cif,True,False,False,False,False,False,True,False,True,Materials Project,True,False,core,True
mp-5516,Sc2(WO4)3,"O,Sc,W",4.2033,0.011578418088234,False,data\eu_candidates\cifs\mp-5516__Sc2_WO4_3.cif,True,False,False,False,False,False,True,False,True,Materials Project,True,False,core,True
mp-27576,Sc2GeO5,"Ge,O,Sc",4.1263,0.0,False,data\eu_candidates\cifs\mp-27576__Sc2GeO5.cif,True,True,False,False,False,False,True,False,True,Materials Project,True,False,core,True
mp-216,Sc2O3,"O,Sc",3.8235,0.0,False,data\eu_candidates\cifs\mp-216__Sc2O3.cif,True,False,False,False,False,False,True,False,True,Materials Project,True,False,core,True
mp-5594,Sc2Si2O7,"O,Sc,Si",4.2788,0.0,False,data\eu_candidates\cifs\mp-5594__Sc2Si2O7.cif,True,False,False,False,False,False,True,False,True,Materials Project,True,False,core,True
mp-1209079,Sc2SiO5,"O,Sc,Si",4.471299999999999,0.017264488359376,False,data\eu_candidates\cifs\mp-1209079__Sc2SiO5.cif,True,False,False,False,False,False,True,False,True,Materials Project,True,False,core,True
mp-753802,Sc2Ti2O7,"O,Sc,Ti",3.5737,0.0,False,data\eu_candidates\cifs\mp-753802__Sc2Ti2O7.cif,True,False,False,False,False,False,True,False,True,Materials Project,True,False,core,True
mp-753401,Sc2TiO5,"O,Sc,Ti",3.1323,0.0,False,data\eu_candidates\cifs\mp-753401__Sc2TiO5.cif,True,False,False,False,False,False,True,False,True,Materials Project,True,False,core,True
mp-1203138,Sc3B5O12,"B,O,Sc",3.727299999999999,0.0,False,data\eu_candidates\cifs\mp-1203138__Sc3B5O12.cif,True,False,False,False,False,False,True,False,True,Materials Project,True,False,core,True
mp-4471,ScAlO3,"Al,O,Sc",4.591900000000001,0.028020217374999,False,data\eu_candidates\cifs\mp-4471__ScAlO3.cif,True,False,False,False,False,False,True,False,True,Materials Project,True,False,core,True
mp-546125,ScAsO4,"As,O,Sc",3.5491,0.0,False,data\eu_candidates\cifs\mp-546125__ScAsO4.cif,True,False,False,False,False,False,True,False,True,Materials Project,True,False,core,True
mp-8697,ScBO3,"B,O,Sc",4.118,0.0,False,data\eu_candidates\cifs\mp-8697__ScBO3.cif,True,False,False,False,False,False,True,False,True,Materials Project,True,False,core,True
mp-769079,ScGaO3,"Ga,O,Sc",3.1715,0.00453056070833,False,data\eu_candidates\cifs\mp-769079__ScGaO3.cif,True,False,False,False,False,False,True,False,True,Materials Project,True,False,core,True
mp-553961,ScNbO4,"Nb,O,Sc",3.3026,0.0,False,data\eu_candidates\cifs\mp-553961__ScNbO4.cif,True,False,False,False,False,False,True,False,True,Materials Project,True,False,core,True
mp-4200,ScPO4,"O,P,Sc",4.193899999999999,0.0,False,data\eu_candidates\cifs\mp-4200__ScPO4.cif,True,False,False,False,False,False,True,False,True,Materials Project,True,False,core,True
mp-558781,ScTaO4,"O,Sc,Ta",4.027699999999999,0.0,False,data\eu_candidates\cifs\mp-558781__ScTaO4.cif,True,False,False,False,False,False,True,False,True,Materials Project,True,False,core,True
mp-19450,ScTl(MoO4)2,"Mo,O,Sc,Tl",3.6236,0.0,False,data\eu_candidates\cifs\mp-19450__ScTl_MoO4_2.cif,True,False,False,False,False,False,True,False,True,Materials Project,True,False,core,True
mp-983061,Sr(AsO3)2,"As,O,Sr",3.258099999999999,0.0,False,data\eu_candidates\cifs\mp-983061__Sr_AsO3_2.cif,True,False,False,False,False,False,False,False,False,Materials Project,True,False,core,True
mp-9749,Sr(BO2)2,"B,O,Sr",4.9456,0.0,False,data\eu_candidates\cifs\mp-9749__Sr_BO2_2.cif,True,False,False,False,False,False,False,False,False,Materials Project,True,False,core,True
mp-4851,Sr(GaO2)2,"Ga,O,Sr",3.0697,0.0,False,data\eu_candidates\cifs\mp-4851__Sr_GaO2_2.cif,True,False,False,False,False,False,False,False,False,Materials Project,True,False,core,True
mp-3765,Sr(PO3)2,"O,P,Sr",5.4627,0.0,False,data\eu_candidates\cifs\mp-3765__Sr_PO3_2.cif,True,False,False,False,False,False,False,False,False,Materials Project,True,False,core,True
mp-680432,Sr10Al6O19,"Al,O,Sr",3.8941,0.013796095964283,False,data\eu_candidates\cifs\mp-680432__Sr10Al6O19.cif,True,False,False,False,False,False,False,False,False,Materials Project,True,False,core,True
mp-680384,Sr10Ga6O19,"Ga,O,Sr",3.223099999999999,0.012864053999997,False,data\eu_candidates\cifs\mp-680384__Sr10Ga6O19.cif,True,False,False,False,False,False,False,False,False,Materials Project,True,False,core,True
mp-1218879,Sr2Al2SiO7,"Al,O,Si,Sr",4.2023,0.0,False,data\eu_candidates\cifs\mp-1218879__Sr2Al2SiO7.cif,True,False,False,False,False,False,False,False,False,Materials Project,True,False,core,True
mp-30906,Sr2Al6O11,"Al,O,Sr",4.2458,0.004651721973698,False,data\eu_candidates\cifs\mp-30906__Sr2Al6O11.cif,True,False,False,False,False,False,False,False,False,Materials Project,True,False,core,True
mp-1196745,Sr2As2O7,"As,O,Sr",3.2477,0.0,False,data\eu_candidates\cifs\mp-1196745__Sr2As2O7.cif,True,False,False,False,False,False,False,False,False,Materials Project,True,False,core,True
mp-5401,Sr2B2O5,"B,O,Sr",4.283,0.0,False,data\eu_candidates\cifs\mp-5401__Sr2B2O5.cif,True,False,False,False,False,False,False,False,False,Materials Project,True,False,core,True
mp-556498,Sr2Be2B2O7,"B,Be,O,Sr",4.0798,0.00545827711538,False,data\eu_candidates\cifs\mp-556498__Sr2Be2B2O7.cif,True,False,False,False,False,False,False,False,False,Materials Project,True,False,core,True
mp-1105247,Sr2CaWO6,"Ca,O,Sr,W",3.5269,0.0,False,data\eu_candidates\cifs\mp-1105247__Sr2CaWO6.cif,True,False,False,False,False,False,False,False,False,Materials Project,True,False,core,True
mp-19014,Sr2CdWO6,"Cd,O,Sr,W",3.332,0.0,False,data\eu_candidates\cifs\mp-19014__Sr2CdWO6.cif,True,False,False,False,False,False,False,False,False,Materials Project,True,False,core,True
mp-1020723,Sr2Ga2O5,"Ga,O,Sr",3.1468,0.011779743333329,False,data\eu_candidates\cifs\mp-1020723__Sr2Ga2O5.cif,True,False,False,False,False,False,False,False,False,Materials Project,True,False,core,True
mp-1523375,Sr2GdSbO6,"Gd,O,Sb,Sr",3.3665,0.0,False,data\eu_candidates\cifs\mp-1523375__Sr2GdSbO6.cif,True,False,False,True,False,False,False,False,True,Materials Project,True,False,core,True
mp-1209102,Sr2GdTaO6,"Gd,O,Sr,Ta",3.557,0.0,False,data\eu_candidates\cifs\mp-1209102__Sr2GdTaO6.cif,True,False,False,True,False,False,False,False,True,Materials Project,True,False,core,True
mp-557311,Sr2GeO4,"Ge,O,Sr",3.6821,0.0,False,data\eu_candidates\cifs\mp-557311__Sr2GeO4.cif,True,True,False,False,False,False,False,False,False,Materials Project,True,False,core,True
mp-757149,Sr2Hf7O16,"Hf,O,Sr",4.4407,0.002721428900001,False,data\eu_candidates\cifs\mp-757149__Sr2Hf7O16.cif,True,False,False,False,False,False,False,False,False,Materials Project,True,False,core,True
mp-754761,Sr2HfO4,"Hf,O,Sr",3.905599999999999,0.006447126071424,False,data\eu_candidates\cifs\mp-754761__Sr2HfO4.cif,True,False,False,False,False,False,False,False,False,Materials Project,True,False,core,True
mp-1520511,Sr2HfSnO6,"Hf,O,Sn,Sr",3.7826999999999993,0.018647883249999,False,data\eu_candidates\cifs\mp-1520511__Sr2HfSnO6.cif,True,False,False,False,False,False,False,False,False,Materials Project,True,False,core,True
mp-1189102,Sr2LaSbO6,"La,O,Sb,Sr",3.4224,0.0,False,data\eu_candidates\cifs\mp-1189102__Sr2LaSbO6.cif,True,False,False,False,True,False,False,False,True,Materials Project,True,False,core,True
mp-557028,Sr2LaTa3O11,"La,O,Sr,Ta",3.0179,0.019810167205877,False,data\eu_candidates\cifs\mp-557028__Sr2LaTa3O11.cif,True,False,False,False,True,False,False,False,True,Materials Project,True,False,core,True
mp-1020647,Sr2LiBeB3O8,"B,Be,Li,O,Sr",4.9369,0.0,False,data\eu_candidates\cifs\mp-1020647__Sr2LiBeB3O8.cif,True,False,False,False,False,False,False,False,False,Materials Project,True,False,core,True
mp-14854,Sr2LiIn(B2O5)2,"B,In,Li,O,Sr",3.765799999999999,0.010532221041661,False,data\eu_candidates\cifs\mp-14854__Sr2LiIn_B2O5_2.cif,True,False,False,False,False,False,False,True,True,Materials Project,True,False,core,True
mp-8796,Sr2LiSc(B2O5)2,"B,Li,O,Sc,Sr",4.665100000000001,0.001963662662005,False,data\eu_candidates\cifs\mp-8796__Sr2LiSc_B2O5_2.cif,True,False,False,False,False,False,True,False,True,Materials Project,True,False,core,True
mp-1188959,Sr2LuNbO6,"Lu,Nb,O,Sr",3.2094,0.0,False,data\eu_candidates\cifs\mp-1188959__Sr2LuNbO6.cif,True,False,False,False,False,True,False,False,True,Materials Project,True,False,core,True
mp-1205553,Sr2LuTaO6,"Lu,O,Sr,Ta",3.4874,0.0,False,data\eu_candidates\cifs\mp-1205553__Sr2LuTaO6.cif,True,False,False,False,False,True,False,False,True,Materials Project,True,False,core,True
mp-13541,Sr2Mg(BO3)2,"B,Mg,O,Sr",4.579700000000001,0.0,False,data\eu_candidates\cifs\mp-13541__Sr2Mg_BO3_2.cif,True,False,False,False,False,False,False,False,False,Materials Project,True,False,core,True
mp-972387,Sr2MgGe2O7,"Ge,Mg,O,Sr",3.6039,0.0,False,data\eu_candidates\cifs\mp-972387__Sr2MgGe2O7.cif,True,True,False,False,False,False,False,False,False,Materials Project,True,False,core,True
mp-6564,Sr2MgSi2O7,"Mg,O,Si,Sr",4.495900000000001,0.0,False,data\eu_candidates\cifs\mp-6564__Sr2MgSi2O7.cif,True,False,False,False,False,False,False,False,False,Materials Project,True,False,core,True
mp-19420,Sr2MgWO6,"Mg,O,Sr,W",3.4311,0.0,False,data\eu_candidates\cifs\mp-19420__Sr2MgWO6.cif,True,False,False,False,False,False,False,False,False,Materials Project,True,False,core,True
mp-1205677,Sr2NbGaO6,"Ga,Nb,O,Sr",3.2457,0.008673644375006,False,data\eu_candidates\cifs\mp-1205677__Sr2NbGaO6.cif,True,False,False,False,False,False,False,False,False,Materials Project,True,False,core,True
mp-20222,Sr2NbInO6,"In,Nb,O,Sr",3.3968,0.0,False,data\eu_candidates\cifs\mp-20222__Sr2NbInO6.cif,True,False,False,False,False,False,False,True,True,Materials Project,True,False,core,True
mp-5616,Sr2P2O7,"O,P,Sr",5.3704,0.0,False,data\eu_candidates\cifs\mp-5616__Sr2P2O7.cif,True,False,False,False,False,False,False,False,False,Materials Project,True,False,core,True
mp-27583,Sr2P6O17,"O,P,Sr",5.5563,0.0,False,data\eu_candidates\cifs\mp-27583__Sr2P6O17.cif,True,False,False,False,False,False,False,False,False,Materials Project,True,False,core,True
mp-556123,Sr2Sc2B4O11,"B,O,Sc,Sr",4.3474,0.006372859671051,False,data\eu_candidates\cifs\mp-556123__Sr2Sc2B4O11.cif,True,False,False,False,False,False,True,False,True,Materials Project,True,False,core,True
mp-1106218,Sr2ScSbO6,"O,Sb,Sc,Sr",3.5074,0.0,False,data\eu_candidates\cifs\mp-1106218__Sr2ScSbO6.cif,True,False,False,False,False,False,True,False,True,Materials Project,True,False,core,True
mp-1208776,Sr2ScTaO6,"O,Sc,Sr,Ta",3.4213,0.0,False,data\eu_candidates\cifs\mp-1208776__Sr2ScTaO6.cif,True,False,False,False,False,False,True,False,True,Materials Project,True,False,core,True
mp-18510,Sr2SiO4,"O,Si,Sr",4.4605,0.0,False,data\eu_candidates\cifs\mp-18510__Sr2SiO4.cif,True,False,False,False,False,False,False,False,False,Materials Project,True,False,core,True
mp-1205594,Sr2TaAlO6,"Al,O,Sr,Ta",3.577,0.0,False,data\eu_candidates\cifs\mp-1205594__Sr2TaAlO6.cif,True,False,False,False,False,False,False,False,False,Materials Project,True,False,core,True
mp-12427,Sr2TaGaO6,"Ga,O,Sr,Ta",4.0418,0.0,False,data\eu_candidates\cifs\mp-12427__Sr2TaGaO6.cif,True,False,False,False,False,False,False,False,False,Materials Project,True,False,core,True
mp-1190108,Sr2TaInO6,"In,O,Sr,Ta",3.9813,0.0,False,data\eu_candidates\cifs\mp-1190108__Sr2TaInO6.cif,True,False,False,False,False,False,False,True,True,Materials Project,True,False,core,True
mp-19368,Sr2V2O7,"O,Sr,V",3.3912,0.0,False,data\eu_candidates\cifs\mp-19368__Sr2V2O7.cif,True,False,False,False,False,False,False,False,False,Materials Project,True,False,core,True
mp-772676,Sr2WO5,"O,Sr,W",3.1883,0.010750292500004,False,data\eu_candidates\cifs\mp-772676__Sr2WO5.cif,True,False,False,False,False,False,False,False,False,Materials Project,True,False,core,True
mp-6019,Sr2YNbO6,"Nb,O,Sr,Y",3.2249,0.0,False,data\eu_candidates\cifs\mp-6019__Sr2YNbO6.cif,True,False,True,False,False,False,False,False,True,Materials Project,True,False,core,True
mp-12878,Sr2YSbO6,"O,Sb,Sr,Y",3.707299999999999,0.0,False,data\eu_candidates\cifs\mp-12878__Sr2YSbO6.cif,True,False,True,False,False,False,False,False,True,Materials Project,True,False,core,True
mp-12355,Sr2YTaO6,"O,Sr,Ta,Y",3.8491,0.0,False,data\eu_candidates\cifs\mp-12355__Sr2YTaO6.cif,True,False,True,False,False,False,False,False,True,Materials Project,True,False,core,True
mp-17392,Sr2ZnGe2O7,"Ge,O,Sr,Zn",3.1157999999999992,0.0,False,data\eu_candidates\cifs\mp-17392__Sr2ZnGe2O7.cif,True,True,False,False,False,False,False,False,False,Materials Project,True,False,core,True
mp-1191240,Sr2ZnSi2O7,"O,Si,Sr,Zn",3.8987,0.0,False,data\eu_candidates\cifs\mp-1191240__Sr2ZnSi2O7.cif,True,False,False,False,False,False,False,False,False,Materials Project,True,False,core,True
mp-1195362,Sr2ZnWO6,"O,Sr,W,Zn",3.5827,0.003497963249991,False,data\eu_candidates\cifs\mp-1195362__Sr2ZnWO6.cif,True,False,False,False,False,False,False,False,False,Materials Project,True,False,core,True
mp-770419,Sr2Zr7O16,"O,Sr,Zr",3.8966,0.0,False,data\eu_candidates\cifs\mp-770419__Sr2Zr7O16.cif,True,False,False,False,False,False,False,False,False,Materials Project,True,False,core,True
mp-1522474,Sr2ZrSnO6,"O,Sn,Sr,Zr",3.902,0.025015835500001,False,data\eu_candidates\cifs\mp-1522474__Sr2ZrSnO6.cif,True,False,False,False,False,False,False,False,False,Materials Project,True,False,core,True
mp-755082,Sr3(AsO4)2,"As,O,Sr",3.785999999999999,0.0,False,data\eu_candidates\cifs\mp-755082__Sr3_AsO4_2.cif,True,False,False,False,False,False,False,False,False,Materials Project,True,False,core,True
mp-16432,Sr3(BO3)2,"B,O,Sr",4.3980000000000015,0.0,False,data\eu_candidates\cifs\mp-16432__Sr3_BO3_2.cif,True,False,False,False,False,False,False,False,False,Materials Project,True,False,core,True
mp-4446,Sr3(GaO3)2,"Ga,O,Sr",3.5262,0.001615751098483,False,data\eu_candidates\cifs\mp-4446__Sr3_GaO3_2.cif,True,False,False,False,False,False,False,False,False,Materials Project,True,False,core,True
mp-4632,Sr3(PO4)2,"O,P,Sr",5.4064,0.0,False,data\eu_candidates\cifs\mp-4632__Sr3_PO4_2.cif,True,False,False,False,False,False,False,False,False,Materials Project,True,False,core,True
mp-3393,Sr3Al2O6,"Al,O,Sr",4.2046,0.0,False,data\eu_candidates\cifs\mp-3393__Sr3Al2O6.cif,True,False,False,False,False,False,False,False,False,Materials Project,True,False,core,True
mp-1020637,Sr3BeB6O13,"B,Be,O,Sr",5.0139,0.0,False,data\eu_candidates\cifs\mp-1020637__Sr3BeB6O13.cif,True,False,False,False,False,False,False,False,False,Materials Project,True,False,core,True
mp-1218494,Sr3CaHf4O12,"Ca,Hf,O,Sr",4.1782,0.007612675749999,False,data\eu_candidates\cifs\mp-1218494__Sr3CaHf4O12.cif,True,False,False,False,False,False,False,False,False,Materials Project,True,False,core,True
mp-1218809,Sr3CaZr16(PO4)24,"Ca,O,P,Sr,Zr",4.1978,0.002290234357172,False,data\eu_candidates\cifs\mp-1218809__Sr3CaZr16_PO4_24.cif,True,False,False,False,False,False,False,False,False,Materials Project,True,False,core,True
mp-1020650,Sr3Ge2(B3O8)2,"B,Ge,O,Sr",4.4324,0.002331577685189,False,data\eu_candidates\cifs\mp-1020650__Sr3Ge2_B3O8_2.cif,True,True,False,False,False,False,False,False,False,Materials Project,True,False,core,True
mp-752691,Sr3Hf2O7,"Hf,O,Sr",4.2495,0.008389854583333,False,data\eu_candidates\cifs\mp-752691__Sr3Hf2O7.cif,True,False,False,False,False,False,False,False,False,Materials Project,True,False,core,True
mp-12295,Sr3La2(BO3)4,"B,La,O,Sr",4.1928,0.003312745357149,False,data\eu_candidates\cifs\mp-12295__Sr3La2_BO3_4.cif,True,False,False,False,True,False,False,False,True,Materials Project,True,False,core,True
mp-1218518,Sr3LaNb3O12,"La,Nb,O,Sr",3.1136,0.013145204605276,False,data\eu_candidates\cifs\mp-1218518__Sr3LaNb3O12.cif,True,False,False,False,True,False,False,False,True,Materials Project,True,False,core,True
mp-1208770,Sr3Li6Nb2O11,"Li,Nb,O,Sr",3.3726000000000003,0.0,False,data\eu_candidates\cifs\mp-1208770__Sr3Li6Nb2O11.cif,True,False,False,False,False,False,False,False,False,Materials Project,True,False,core,True
mp-1208758,Sr3Li6Ta2O11,"Li,O,Sr,Ta",4.125599999999999,0.0,False,data\eu_candidates\cifs\mp-1208758__Sr3Li6Ta2O11.cif,True,False,False,False,False,False,False,False,False,Materials Project,True,False,core,True
mp-1190404,Sr3LiNbO6,"Li,Nb,O,Sr",3.2076,0.0,False,data\eu_candidates\cifs\mp-1190404__Sr3LiNbO6.cif,True,False,False,False,False,False,False,False,False,Materials Project,True,False,core,True
mp-1190151,Sr3LiSbO6,"Li,O,Sb,Sr",3.1732,0.0,False,data\eu_candidates\cifs\mp-1190151__Sr3LiSbO6.cif,True,False,False,False,False,False,False,False,False,Materials Project,True,False,core,True
mp-1190486,Sr3LiTaO6,"Li,O,Sr,Ta",3.790999999999999,0.0,False,data\eu_candidates\cifs\mp-1190486__Sr3LiTaO6.cif,True,False,False,False,False,False,False,False,False,Materials Project,True,False,core,True
mp-554641,Sr3Mg(SiO4)2,"Mg,O,Si,Sr",4.7048,0.009324735178586,False,data\eu_candidates\cifs\mp-554641__Sr3Mg_SiO4_2.cif,True,False,False,False,False,False,False,False,False,Materials Project,True,False,core,True
mp-1103508,Sr3MgTa2O9,"Mg,O,Sr,Ta",3.2619,0.0,False,data\eu_candidates\cifs\mp-1103508__Sr3MgTa2O9.cif,True,False,False,False,False,False,False,False,False,Materials Project,True,False,core,True
mp-1208777,Sr3NbGa3(SiO7)2,"Ga,Nb,O,Si,Sr",3.4242,0.0,False,data\eu_candidates\cifs\mp-1208777__Sr3NbGa3_SiO7_2.cif,True,False,False,False,False,False,False,False,False,Materials Project,True,False,core,True
mp-31127,Sr3P4O13,"O,P,Sr",5.2117,0.005248631624986,False,data\eu_candidates\cifs\mp-31127__Sr3P4O13.cif,True,False,False,False,False,False,False,False,False,Materials Project,True,False,core,True
mp-17562,Sr3Sc(BO3)3,"B,O,Sc,Sr",4.626,0.0,False,data\eu_candidates\cifs\mp-17562__Sr3Sc_BO3_3.cif,True,False,False,False,False,False,True,False,True,Materials Project,True,False,core,True
mp-1208829,Sr3Sc2(GeO4)3,"Ge,O,Sc,Sr",3.7912,0.0,False,data\eu_candidates\cifs\mp-1208829__Sr3Sc2_GeO4_3.cif,True,True,False,False,False,False,True,False,True,Materials Project,True,False,core,True
mp-5487,Sr3SiO5,"O,Si,Sr",3.7632,0.005615511388882,False,data\eu_candidates\cifs\mp-5487__Sr3SiO5.cif,True,False,False,False,False,False,False,False,False,Materials Project,True,False,core,True
mp-1103389,Sr3Ta2ZnO9,"O,Sr,Ta,Zn",3.4116,0.009813026555528,False,data\eu_candidates\cifs\mp-1103389__Sr3Ta2ZnO9.cif,True,False,False,False,False,False,False,False,False,Materials Project,True,False,core,True
mp-17103,Sr3Ta6(Si2O13)2,"O,Si,Sr,Ta",3.085499999999999,0.006896537350419,False,data\eu_candidates\cifs\mp-17103__Sr3Ta6_Si2O13_2.cif,True,False,False,False,False,False,False,False,False,Materials Project,True,False,core,True
mp-16136,Sr3TaGa3(SiO7)2,"Ga,O,Si,Sr,Ta",3.8537999999999992,0.0,False,data\eu_candidates\cifs\mp-16136__Sr3TaGa3_SiO7_2.cif,True,False,False,False,False,False,False,False,False,Materials Project,True,False,core,True
mp-19386,Sr3V2O8,"O,Sr,V",3.676,0.0,False,data\eu_candidates\cifs\mp-19386__Sr3V2O8.cif,True,False,False,False,False,False,False,False,False,Materials Project,True,False,core,True
mp-561266,Sr3V4CdO14,"Cd,O,Sr,V",3.206099999999999,0.000667808920464,False,data\eu_candidates\cifs\mp-561266__Sr3V4CdO14.cif,True,False,False,False,False,False,False,False,False,Materials Project,True,False,core,True
mp-755326,Sr3WO6,"O,Sr,W",3.4987,0.0,False,data\eu_candidates\cifs\mp-755326__Sr3WO6.cif,True,False,False,False,False,False,False,False,False,Materials Project,True,False,core,True
mp-17025,Sr3Y(BO3)3,"B,O,Sr,Y",4.4109,0.002369245833332,False,data\eu_candidates\cifs\mp-17025__Sr3Y_BO3_3.cif,True,False,True,False,False,False,False,False,True,Materials Project,True,False,core,True
mp-561157,Sr3Y2(BO3)4,"B,O,Sr,Y",4.483,0.020437793412693,False,data\eu_candidates\cifs\mp-561157__Sr3Y2_BO3_4.cif,True,False,True,False,False,False,False,False,True,Materials Project,True,False,core,True
mp-15103,Sr3Y2(GeO4)3,"Ge,O,Sr,Y",3.2862,0.0,False,data\eu_candidates\cifs\mp-15103__Sr3Y2_GeO4_3.cif,True,True,True,False,False,False,False,False,True,Materials Project,True,False,core,True
mp-5512,Sr4Al14O25,"Al,O,Sr",4.157500000000001,0.002253967034897,False,data\eu_candidates\cifs\mp-5512__Sr4Al14O25.cif,True,False,False,False,False,False,False,False,False,Materials Project,True,False,core,True
mp-6120,Sr4Al6MoO16,"Al,Mo,O,Sr",3.5484,0.0,False,data\eu_candidates\cifs\mp-6120__Sr4Al6MoO16.cif,True,False,False,False,False,False,False,False,False,Materials Project,True,False,core,True
mp-14865,Sr4Al6WO16,"Al,O,Sr,W",3.6877,0.0,False,data\eu_candidates\cifs\mp-14865__Sr4Al6WO16.cif,True,False,False,False,False,False,False,False,False,Materials Project,True,False,core,True
mp-559330,Sr4B14O25,"B,O,Sr",5.205900000000001,0.0,False,data\eu_candidates\cifs\mp-559330__Sr4B14O25.cif,True,False,False,False,False,False,False,False,False,Materials Project,True,False,core,True
mp-779001,Sr4Hf3O10,"Hf,O,Sr",4.1291,0.01191930735294,False,data\eu_candidates\cifs\mp-779001__Sr4Hf3O10.cif,True,False,False,False,False,False,False,False,False,Materials Project,True,False,core,True
mp-554003,Sr4Li(BO3)3,"B,Li,O,Sr",4.1806,0.017461011617648,False,data\eu_candidates\cifs\mp-554003__Sr4Li_BO3_3.cif,True,False,False,False,False,False,False,False,False,Materials Project,True,False,core,True
mp-1020725,Sr4Li2B12O23,"B,Li,O,Sr",4.877599999999999,0.004719955447168,False,data\eu_candidates\cifs\mp-1020725__Sr4Li2B12O23.cif,True,False,False,False,False,False,False,False,False,Materials Project,True,False,core,True
mp-2212246,Sr4Nb2O9,"Nb,O,Sr",3.7211,0.0,False,data\eu_candidates\cifs\mp-2212246__Sr4Nb2O9.cif,True,False,False,False,False,False,False,False,False,Materials Project,True,False,core,True
mp-2205489,Sr4Ta2O9,"O,Sr,Ta",4.286099999999999,0.0,False,data\eu_candidates\cifs\mp-2205489__Sr4Ta2O9.cif,True,False,False,False,False,False,False,False,False,Materials Project,True,False,core,True
mp-1208748,Sr4Zr3O10,"O,Sr,Zr",3.6046,0.002721731911758,False,data\eu_candidates\cifs\mp-1208748__Sr4Zr3O10.cif,True,False,False,False,False,False,False,False,False,Materials Project,True,False,core,True
mp-1020709,Sr5(Ga3O7)2,"Ga,O,Sr",3.151799999999999,0.011664929199998,False,data\eu_candidates\cifs\mp-1020709__Sr5_Ga3O7_2.cif,True,False,False,False,False,False,False,False,False,Materials Project,True,False,core,True
mp-720112,Sr5Al10(Si7O24)2,"Al,O,Si,Sr",4.2327,0.028725511580081,False,data\eu_candidates\cifs\mp-720112__Sr5Al10_Si7O24_2.cif,True,False,False,False,False,False,False,False,False,Materials Project,True,False,core,True
mp-769582,Sr5Ta4O15,"O,Sr,Ta",3.044399999999999,0.0,False,data\eu_candidates\cifs\mp-769582__Sr5Ta4O15.cif,True,False,False,False,False,False,False,False,False,Materials Project,True,False,core,True
mp-6044,Sr6B(PO4)5,"B,O,P,Sr",4.8124,0.0,False,data\eu_candidates\cifs\mp-6044__Sr6B_PO4_5.cif,True,False,False,False,False,False,False,False,False,Materials Project,True,False,core,True
mp-676456,Sr6La2Ta3Al5O24,"Al,La,O,Sr,Ta",3.502600000000001,0.012246552850003,False,data\eu_candidates\cifs\mp-676456__Sr6La2Ta3Al5O24.cif,True,False,False,False,True,False,False,False,True,Materials Project,True,False,core,True
mp-686028,Sr6Nb2O11,"Nb,O,Sr",3.1919,0.028016061578949,False,data\eu_candidates\cifs\mp-686028__Sr6Nb2O11.cif,True,False,False,False,False,False,False,False,False,Materials Project,True,False,core,True
mp-1020715,Sr6Y2Al4O15,"Al,O,Sr,Y",3.9869,0.007723411836419,False,data\eu_candidates\cifs\mp-1020715__Sr6Y2Al4O15.cif,True,False,True,False,False,False,False,False,True,Materials Project,True,False,core,True
mp-18043,Sr6YSc(BO3)6,"B,O,Sc,Sr,Y",4.4887,0.0,False,data\eu_candidates\cifs\mp-18043__Sr6YSc_BO3_6.cif,True,False,True,False,False,False,True,False,True,Materials Project,True,False,core,True
mp-1218826,Sr7Mg8(P4O15)3,"Mg,O,P,Sr",5.1094,0.014993096817137,False,data\eu_candidates\cifs\mp-1218826__Sr7Mg8_P4O15_3.cif,True,False,False,False,False,False,False,False,False,Materials Project,True,False,core,True
mp-768610,Sr7W4O19,"O,Sr,W",3.114099999999999,0.00210266749999,False,data\eu_candidates\cifs\mp-768610__Sr7W4O19.cif,True,False,False,False,False,False,False,False,False,Materials Project,True,False,core,True
mp-555314,Sr7Zr(Si2O7)3,"O,Si,Sr,Zr",4.4324,0.021092418214288,False,data\eu_candidates\cifs\mp-555314__Sr7Zr_Si2O7_3.cif,True,False,False,False,False,False,False,False,False,Materials Project,True,False,core,True
mp-1218791,Sr9In(PO4)7,"In,O,P,Sr",4.0448,0.0,False,data\eu_candidates\cifs\mp-1218791__Sr9In_PO4_7.cif,True,False,False,False,False,False,False,True,True,Materials Project,True,False,core,True
mp-555068,Sr9LuV7O28,"Lu,O,Sr,V",3.6878,0.0,False,data\eu_candidates\cifs\mp-555068__Sr9LuV7O28.cif,True,False,False,False,False,True,False,False,True,Materials Project,True,False,core,True
mp-554259,SrAgB7O12,"Ag,B,O,Sr",3.0004,0.0,False,data\eu_candidates\cifs\mp-554259__SrAgB7O12.cif,True,False,False,False,False,False,False,False,False,Materials Project,True,False,core,True
mp-1218531,SrAl12O19,"Al,O,Sr",4.4592,0.0023389965625,False,data\eu_candidates\cifs\mp-1218531__SrAl12O19.cif,True,False,False,False,False,False,False,False,False,Materials Project,True,False,core,True
mp-1218484,SrAl2(SiO4)2,"Al,O,Si,Sr",4.7024,0.0,False,data\eu_candidates\cifs\mp-1218484__SrAl2_SiO4_2.cif,True,False,False,False,False,False,False,False,False,Materials Project,True,False,core,True
mp-531590,SrAl22O34,"Al,O,Sr",4.699400000000001,0.013491566842119,False,data\eu_candidates\cifs\mp-531590__SrAl22O34.cif,True,False,False,False,False,False,False,False,False,Materials Project,True,False,core,True
mp-558669,SrAl2B2O7,"Al,B,O,Sr",4.6877,0.0,False,data\eu_candidates\cifs\mp-558669__SrAl2B2O7.cif,True,False,False,False,False,False,False,False,False,Materials Project,True,False,core,True
mp-3094,SrAl2O4,"Al,O,Sr",4.142,0.0,False,data\eu_candidates\cifs\mp-3094__SrAl2O4.cif,True,False,False,False,False,False,False,False,False,Materials Project,True,False,core,True
mp-3788,SrAl4O7,"Al,O,Sr",3.7508,0.0,False,data\eu_candidates\cifs\mp-3788__SrAl4O7.cif,True,False,False,False,False,False,False,False,False,Materials Project,True,False,core,True
mp-684018,SrB8O13,"B,O,Sr",5.7481,0.0,False,data\eu_candidates\cifs\mp-684018__SrB8O13.cif,True,False,False,False,False,False,False,False,False,Materials Project,True,False,core,True
mp-6486,SrBPO5,"B,O,P,Sr",5.387399999999999,0.0,False,data\eu_candidates\cifs\mp-6486__SrBPO5.cif,True,False,False,False,False,False,False,False,False,Materials Project,True,False,core,True
mp-558981,SrBe2(BO3)2,"B,Be,O,Sr",5.3456,0.007696537272724,False,data\eu_candidates\cifs\mp-558981__SrBe2_BO3_2.cif,True,False,False,False,False,False,False,False,False,Materials Project,True,False,core,True
mp-1020606,SrBe2(PO4)2,"Be,O,P,Sr",5.9252,0.0,False,data\eu_candidates\cifs\mp-1020606__SrBe2_PO4_2.cif,True,False,False,False,False,False,False,False,False,Materials Project,True,False,core,True
mp-27791,SrBe3O4,"Be,O,Sr",4.1295,0.0,False,data\eu_candidates\cifs\mp-27791__SrBe3O4.cif,True,False,False,False,False,False,False,False,False,Materials Project,True,False,core,True
mp-1020654,SrBeB2O5,"B,Be,O,Sr",5.681,0.0,False,data\eu_candidates\cifs\mp-1020654__SrBeB2O5.cif,True,False,False,False,False,False,False,False,False,Materials Project,True,False,core,True
mp-1218454,SrCa3Hf4O12,"Ca,Hf,O,Sr",4.44,0.007486108750002,False,data\eu_candidates\cifs\mp-1218454__SrCa3Hf4O12.cif,True,False,False,False,False,False,False,False,False,Materials Project,True,False,core,True
mp-1218515,SrCa3La2(SbO6)2,"Ca,La,O,Sb,Sr",3.6827,0.0024557665,False,data\eu_candidates\cifs\mp-1218515__SrCa3La2_SbO6_2.cif,True,False,False,False,True,False,False,False,True,Materials Project,True,False,core,True
mp-1218570,SrCa3Mg4(SiO3)8,"Ca,Mg,O,Si,Sr",4.9247,0.004990559343746,False,data\eu_candidates\cifs\mp-1218570__SrCa3Mg4_SiO3_8.cif,True,False,False,False,False,False,False,False,False,Materials Project,True,False,core,True
mp-1218319,SrCa3Zr16(PO4)24,"Ca,O,P,Sr,Zr",4.201300000000001,0.002045969214254,False,data\eu_candidates\cifs\mp-1218319__SrCa3Zr16_PO4_24.cif,True,False,False,False,False,False,False,False,False,Materials Project,True,False,core,True
mp-1218419,SrCaHf2O6,"Ca,Hf,O,Sr",4.367,0.009440106000001,False,data\eu_candidates\cifs\mp-1218419__SrCaHf2O6.cif,True,False,False,False,False,False,False,False,False,Materials Project,True,False,core,True
mp-1218509,SrCaLaSbO6,"Ca,La,O,Sb,Sr",4.6038,0.0,False,data\eu_candidates\cifs\mp-1218509__SrCaLaSbO6.cif,True,False,False,False,True,False,False,False,True,Materials Project,True,False,core,True
mp-1218410,SrCaMgSi2O7,"Ca,Mg,O,Si,Sr",4.504,0.011946154652775,False,data\eu_candidates\cifs\mp-1218410__SrCaMgSi2O7.cif,True,False,False,False,False,False,False,False,False,Materials Project,True,False,core,True
mp-554006,SrCaSiO4,"Ca,O,Si,Sr",4.6805,0.018683773452378,False,data\eu_candidates\cifs\mp-554006__SrCaSiO4.cif,True,False,False,False,False,False,False,False,False,Materials Project,True,False,core,True
mp-1218075,SrCaZnSi2O7,"Ca,O,Si,Sr,Zn",4.0192,0.008905494097223,False,data\eu_candidates\cifs\mp-1218075__SrCaZnSi2O7.cif,True,False,False,False,False,False,False,False,False,Materials Project,True,False,core,True
mp-1218248,SrCaZr8(PO4)12,"Ca,O,P,Sr,Zr",4.2404,0.001713391857171,False,data\eu_candidates\cifs\mp-1218248__SrCaZr8_PO4_12.cif,True,False,False,False,False,False,False,False,False,Materials Project,True,False,core,True
mp-541367,SrCd(PO3)4,"Cd,O,P,Sr",4.4041,0.002097564930555,False,data\eu_candidates\cifs\mp-541367__SrCd_PO3_4.cif,True,False,False,False,False,False,False,False,False,Materials Project,True,False,core,True
mp-1195626,SrCdB2O5,"B,Cd,O,Sr",3.530599999999999,0.0,False,data\eu_candidates\cifs\mp-1195626__SrCdB2O5.cif,True,False,False,False,False,False,False,False,False,Materials Project,True,False,core,True
mp-17693,SrCdP2O7,"Cd,O,P,Sr",3.9048,0.0,False,data\eu_candidates\cifs\mp-17693__SrCdP2O7.cif,True,False,False,False,False,False,False,False,False,Materials Project,True,False,core,True
mp-540621,SrGa2(GeO4)2,"Ga,Ge,O,Sr",3.0761,0.0,False,data\eu_candidates\cifs\mp-540621__SrGa2_GeO4_2.cif,True,True,False,False,False,False,False,False,False,Materials Project,True,False,core,True
mp-14235,SrGa2(SiO4)2,"Ga,O,Si,Sr",3.9438,0.0,False,data\eu_candidates\cifs\mp-14235__SrGa2_SiO4_2.cif,True,False,False,False,False,False,False,False,False,Materials Project,True,False,core,True
mp-556046,SrGa2B2O7,"B,Ga,O,Sr",3.9722,0.0,False,data\eu_candidates\cifs\mp-556046__SrGa2B2O7.cif,True,False,False,False,False,False,False,False,False,Materials Project,True,False,core,True
mp-1197916,SrGaBO4,"B,Ga,O,Sr",3.7683,0.0,False,data\eu_candidates\cifs\mp-1197916__SrGaBO4.cif,True,False,False,False,False,False,False,False,False,Materials Project,True,False,core,True
mp-3523,SrGd2O4,"Gd,O,Sr",3.0774,0.01102874,False,data\eu_candidates\cifs\mp-3523__SrGd2O4.cif,True,False,False,True,False,False,False,False,True,Materials Project,True,False,core,True
mp-1020628,SrGe(PO4)2,"Ge,O,P,Sr",4.0991,0.0,False,data\eu_candidates\cifs\mp-1020628__SrGe_PO4_2.cif,True,True,False,False,False,False,False,False,False,Materials Project,True,False,core,True
mp-1020611,SrGe2(BO4)2,"B,Ge,O,Sr",3.813099999999999,0.011907617115383,False,data\eu_candidates\cifs\mp-1020611__SrGe2_BO4_2.cif,True,True,False,False,False,False,False,False,False,Materials Project,True,False,core,True
mp-9380,SrGe4O9,"Ge,O,Sr",3.0685,0.027352646547611,False,data\eu_candidates\cifs\mp-9380__SrGe4O9.cif,True,True,False,False,False,False,False,False,False,Materials Project,True,False,core,True
mp-17464,SrGeO3,"Ge,O,Sr",3.4179,0.0,False,data\eu_candidates\cifs\mp-17464__SrGeO3.cif,True,True,False,False,False,False,False,False,False,Materials Project,True,False,core,True
mp-3378,SrHfO3,"Hf,O,Sr",4.1704,0.0,False,data\eu_candidates\cifs\mp-3378__SrHfO3.cif,True,False,False,False,False,False,False,False,False,Materials Project,True,False,core,True
mp-1218277,SrLa2BeO5,"Be,La,O,Sr",3.830599999999999,0.008062528703701,False,data\eu_candidates\cifs\mp-1218277__SrLa2BeO5.cif,True,False,False,False,True,False,False,False,True,Materials Project,True,False,core,True
mp-1196620,SrLa2WO7,"La,O,Sr,W",3.3594,0.002944395757577,False,data\eu_candidates\cifs\mp-1196620__SrLa2WO7.cif,True,False,False,False,True,False,False,False,True,Materials Project,True,False,core,True
mp-1218249,SrLa4Si3O13,"La,O,Si,Sr",4.419399999999999,0.0,False,data\eu_candidates\cifs\mp-1218249__SrLa4Si3O13.cif,True,False,False,False,True,False,False,False,True,Materials Project,True,False,core,True
mp-1218220,SrLaAl3O7,"Al,La,O,Sr",4.415,0.0,False,data\eu_candidates\cifs\mp-1218220__SrLaAl3O7.cif,True,False,False,False,True,False,False,False,True,Materials Project,True,False,core,True
mp-1218203,SrLaMgTaO6,"La,Mg,O,Sr,Ta",4.0756,0.0,False,data\eu_candidates\cifs\mp-1218203__SrLaMgTaO6.cif,True,False,False,False,True,False,False,False,True,Materials Project,True,False,core,True
mp-685195,SrLaTl(AsO4)2,"As,La,O,Sr,Tl",3.5498000000000003,0.0,False,data\eu_candidates\cifs\mp-685195__SrLaTl_AsO4_2.cif,True,False,False,False,True,False,False,False,True,Materials Project,True,False,core,True
mp-18495,SrLi(B3O5)3,"B,Li,O,Sr",5.7528,0.0,False,data\eu_candidates\cifs\mp-18495__SrLi_B3O5_3.cif,True,False,False,False,False,False,False,False,False,Materials Project,True,False,core,True
mp-1191141,SrLi2SiO4,"Li,O,Si,Sr",4.6041,0.0,False,data\eu_candidates\cifs\mp-1191141__SrLi2SiO4.cif,True,False,False,False,False,False,False,False,False,Materials Project,True,False,core,True
mp-555089,SrLi4Ca(SiO4)2,"Ca,Li,O,Si,Sr",5.0666,0.0,False,data\eu_candidates\cifs\mp-555089__SrLi4Ca_SiO4_2.cif,True,False,False,False,False,False,False,False,False,Materials Project,True,False,core,True
mp-10814,SrLiBO3,"B,Li,O,Sr",4.3589,0.0,False,data\eu_candidates\cifs\mp-10814__SrLiBO3.cif,True,False,False,False,False,False,False,False,False,Materials Project,True,False,core,True
mp-1208633,SrLiPO4,"Li,O,P,Sr",4.4543,0.02366929547619,False,data\eu_candidates\cifs\mp-1208633__SrLiPO4.cif,True,False,False,False,False,False,False,False,False,Materials Project,True,False,core,True
mp-1218231,SrLiY2(BO3)3,"B,Li,O,Sr,Y",4.1234,0.0,False,data\eu_candidates\cifs\mp-1218231__SrLiY2_BO3_3.cif,True,False,True,False,False,False,False,False,True,Materials Project,True,False,core,True
mp-772820,SrLu2O4,"Lu,O,Sr",4.1641,0.0,False,data\eu_candidates\cifs\mp-772820__SrLu2O4.cif,True,False,False,False,False,True,False,False,True,Materials Project,True,False,core,True
mp-1020634,SrMgB2O5,"B,Mg,O,Sr",4.9917,0.0,False,data\eu_candidates\cifs\mp-1020634__SrMgB2O5.cif,True,False,False,False,False,False,False,False,False,Materials Project,True,False,core,True
mp-18469,SrMgP2O7,"Mg,O,P,Sr",5.6299,0.0,False,data\eu_candidates\cifs\mp-18469__SrMgP2O7.cif,True,False,False,False,False,False,False,False,False,Materials Project,True,False,core,True
mp-18834,SrMoO4,"Mo,O,Sr",3.8445,0.0,False,data\eu_candidates\cifs\mp-18834__SrMoO4.cif,True,False,False,False,False,False,False,False,False,Materials Project,True,False,core,True
mp-2472,SrO,"O,Sr",3.2748,0.0,False,data\eu_candidates\cifs\mp-2472__SrO.cif,True,False,False,False,False,False,False,False,False,Materials Project,True,False,core,True
mp-770771,SrSc2O4,"O,Sc,Sr",3.6335,0.0,False,data\eu_candidates\cifs\mp-770771__SrSc2O4.cif,True,False,False,False,False,False,True,False,True,Materials Project,True,False,core,True
mp-1198043,SrSc4Si5O17,"O,Sc,Si,Sr",4.3818,0.002883634999996,False,data\eu_candidates\cifs\mp-1198043__SrSc4Si5O17.cif,True,False,False,False,False,False,True,False,True,Materials Project,True,False,core,True
mp-6032,SrSi2(BO4)2,"B,O,Si,Sr",5.68,0.0,False,data\eu_candidates\cifs\mp-6032__SrSi2_BO4_2.cif,True,False,False,False,False,False,False,False,False,Materials Project,True,False,core,True
mp-3978,SrSiO3,"O,Si,Sr",4.6251,0.0,False,data\eu_candidates\cifs\mp-3978__SrSiO3.cif,True,False,False,False,False,False,False,False,False,Materials Project,True,False,core,True
mp-8000,SrSn(BO3)2,"B,O,Sn,Sr",3.617799999999999,0.0,False,data\eu_candidates\cifs\mp-8000__SrSn_BO3_2.cif,True,False,False,False,False,False,False,False,False,Materials Project,True,False,core,True
mp-862718,SrSn(PO4)2,"O,P,Sn,Sr",3.5533,0.0,False,data\eu_candidates\cifs\mp-862718__SrSn_PO4_2.cif,True,False,False,False,False,False,False,False,False,Materials Project,True,False,core,True
mp-17715,SrTa2O6,"O,Sr,Ta",3.2307,0.0,False,data\eu_candidates\cifs\mp-17715__SrTa2O6.cif,True,False,False,False,False,False,False,False,False,Materials Project,True,False,core,True
mp-541462,SrTa4O11,"O,Sr,Ta",3.5232,0.0,False,data\eu_candidates\cifs\mp-541462__SrTa4O11.cif,True,False,False,False,False,False,False,False,False,Materials Project,True,False,core,True
mp-559208,SrTiSi2O7,"O,Si,Sr,Ti",3.608499999999999,0.017766169924243,False,data\eu_candidates\cifs\mp-559208__SrTiSi2O7.cif,True,False,False,False,False,False,False,False,False,Materials Project,True,False,core,True
mp-1208595,SrTl2(PO3)4,"O,P,Sr,Tl",4.453600000000001,0.0,False,data\eu_candidates\cifs\mp-1208595__SrTl2_PO3_4.cif,True,False,False,False,False,False,False,False,False,Materials Project,True,False,core,True
mp-560156,SrTlVO4,"O,Sr,Tl,V",3.2379,0.0,False,data\eu_candidates\cifs\mp-560156__SrTlVO4.cif,True,False,False,False,False,False,False,False,False,Materials Project,True,False,core,True
mp-19163,SrWO4,"O,Sr,W",4.6571,0.0,False,data\eu_candidates\cifs\mp-19163__SrWO4.cif,True,False,False,False,False,False,False,False,False,Materials Project,True,False,core,True
mp-17275,SrY2O4,"O,Sr,Y",3.7035,0.004161349464283,False,data\eu_candidates\cifs\mp-17275__SrY2O4.cif,True,False,True,False,False,False,False,False,True,Materials Project,True,False,core,True
mp-1020706,SrY2Si3O10,"O,Si,Sr,Y",4.9314,0.012435645989588,False,data\eu_candidates\cifs\mp-1020706__SrY2Si3O10.cif,True,False,True,False,False,False,False,False,True,Materials Project,True,False,core,True
mp-1217784,SrYAl3O7,"Al,O,Sr,Y",4.1991,0.015194742937499,False,data\eu_candidates\cifs\mp-1217784__SrYAl3O7.cif,True,False,True,False,False,False,False,False,True,Materials Project,True,False,core,True
mp-1217786,SrYGa3O7,"Ga,O,Sr,Y",3.1775,0.024719020125001,False,data\eu_candidates\cifs\mp-1217786__SrYGa3O7.cif,True,False,True,False,False,False,False,False,True,Materials Project,True,False,core,True
mp-15740,SrZn2(AsO4)2,"As,O,Sr,Zn",3.0527,0.0,False,data\eu_candidates\cifs\mp-15740__SrZn2_AsO4_2.cif,True,False,False,False,False,False,False,False,False,Materials Project,True,False,core,True
mp-8810,SrZn2(PO4)2,"O,P,Sr,Zn",4.1385,0.0,False,data\eu_candidates\cifs\mp-8810__SrZn2_PO4_2.cif,True,False,False,False,False,False,False,False,False,Materials Project,True,False,core,True
mp-558616,SrZnP2O7,"O,P,Sr,Zn",4.4557,0.0,False,data\eu_candidates\cifs\mp-558616__SrZnP2O7.cif,True,False,False,False,False,False,False,False,False,Materials Project,True,False,core,True
mp-558625,SrZr(PO4)2,"O,P,Sr,Zr",4.112999999999999,0.014155139833331,False,data\eu_candidates\cifs\mp-558625__SrZr_PO4_2.cif,True,False,False,False,False,False,False,False,False,Materials Project,True,False,core,True
mp-1202083,SrZr4(AsO4)6,"As,O,Sr,Zr",4.0082,0.0,False,data\eu_candidates\cifs\mp-1202083__SrZr4_AsO4_6.cif,True,False,False,False,False,False,False,False,False,Materials Project,True,False,core,True
mp-555580,SrZr4(PO4)6,"O,P,Sr,Zr",4.3718,0.0,False,data\eu_candidates\cifs\mp-555580__SrZr4_PO4_6.cif,True,False,False,False,False,False,False,False,False,Materials Project,True,False,core,True
mp-4387,SrZrO3,"O,Sr,Zr",3.6122,0.0,False,data\eu_candidates\cifs\mp-4387__SrZrO3.cif,True,False,False,False,False,False,False,False,False,Materials Project,True,False,core,True
mp-17468,SrZrSi2O7,"O,Si,Sr,Zr",4.7096,0.001081287272727,False,data\eu_candidates\cifs\mp-17468__SrZrSi2O7.cif,True,False,False,False,False,False,False,False,False,Materials Project,True,False,core,True
mp-754903,Y(BO2)3,"B,O,Y",5.446999999999999,0.007350252499996,False,data\eu_candidates\cifs\mp-754903__Y_BO2_3.cif,True,False,True,False,False,False,False,False,True,Materials Project,True,False,core,True
mp-554423,Y(PO3)3,"O,P,Y",5.6784,0.0,False,data\eu_candidates\cifs\mp-554423__Y_PO3_3.cif,True,False,True,False,False,False,False,False,True,Materials Project,True,False,core,True
mp-556220,Y10W2O21,"O,W,Y",3.142,0.009312154886396,False,data\eu_candidates\cifs\mp-556220__Y10W2O21.cif,True,False,True,False,False,False,False,False,True,Materials Project,True,False,core,True
mp-556937,Y2(MoO4)3,"Mo,O,Y",3.9811,0.0,False,data\eu_candidates\cifs\mp-556937__Y2_MoO4_3.cif,True,False,True,False,False,False,False,False,True,Materials Project,True,False,core,True
mp-3629,Y2(WO4)3,"O,W,Y",4.8202,0.027185770735291,False,data\eu_candidates\cifs\mp-3629__Y2_WO4_3.cif,True,False,True,False,False,False,False,False,True,Materials Project,True,False,core,True
mp-1216259,Y2Al3Ga3(BO3)8,"Al,B,Ga,O,Y",5.099299999999999,0.005108335729167,False,data\eu_candidates\cifs\mp-1216259__Y2Al3Ga3_BO3_8.cif,True,False,True,False,False,False,False,False,True,Materials Project,True,False,core,True
mp-541040,Y2Be2GeO7,"Be,Ge,O,Y",4.5479,0.0,False,data\eu_candidates\cifs\mp-541040__Y2Be2GeO7.cif,True,True,True,False,False,False,False,False,True,Materials Project,True,False,core,True
mp-6655,Y2Be2SiO7,"Be,O,Si,Y",5.1545,0.0,False,data\eu_candidates\cifs\mp-6655__Y2Be2SiO7.cif,True,False,True,False,False,False,False,False,True,Materials Project,True,False,core,True
mp-1216100,Y2BeAlBO7,"Al,B,Be,O,Y",4.9749,0.0,False,data\eu_candidates\cifs\mp-1216100__Y2BeAlBO7.cif,True,False,True,False,False,False,False,False,True,Materials Project,True,False,core,True
mp-5905,Y2BeO4,"Be,O,Y",4.0945,0.029521198392856,False,data\eu_candidates\cifs\mp-5905__Y2BeO4.cif,True,False,True,False,False,False,False,False,True,Materials Project,True,False,core,True
mp-769396,Y2Ge2O7,"Ge,O,Y",3.1753,0.0,False,data\eu_candidates\cifs\mp-769396__Y2Ge2O7.cif,True,True,True,False,False,False,False,False,True,Materials Project,True,False,core,True
mp-768814,Y2GeO5,"Ge,O,Y",3.5881,0.0,False,data\eu_candidates\cifs\mp-768814__Y2GeO5.cif,True,True,True,False,False,False,False,False,True,Materials Project,True,False,core,True
mp-1207897,Y2Hf2(MoO4)7,"Hf,Mo,O,Y",3.2042,0.004652973952993,False,data\eu_candidates\cifs\mp-1207897__Y2Hf2_MoO4_7.cif,True,False,True,False,False,False,False,False,True,Materials Project,True,False,core,True
mp-561442,Y2Hf2O7,"Hf,O,Y",3.4628,0.000279715795446,False,data\eu_candidates\cifs\mp-561442__Y2Hf2O7.cif,True,False,True,False,False,False,False,False,True,Materials Project,True,False,core,True
mp-755537,Y2HfO5,"Hf,O,Y",4.3829,0.001250993281244,False,data\eu_candidates\cifs\mp-755537__Y2HfO5.cif,True,False,True,False,False,False,False,False,True,Materials Project,True,False,core,True
mp-1216309,Y2Mg3(GeO4)3,"Ge,Mg,O,Y",3.879399999999999,0.023139370624999,False,data\eu_candidates\cifs\mp-1216309__Y2Mg3_GeO4_3.cif,True,True,True,False,False,False,False,False,True,Materials Project,True,False,core,True
mp-1207485,Y2MgTiO6,"Mg,O,Ti,Y",3.2132,0.017907437249988,False,data\eu_candidates\cifs\mp-1207485__Y2MgTiO6.cif,True,False,True,False,False,False,False,False,True,Materials Project,True,False,core,True
mp-1203448,Y2Mo4O15,"Mo,O,Y",3.3185,0.018407632440467,False,data\eu_candidates\cifs\mp-1203448__Y2Mo4O15.cif,True,False,True,False,False,False,False,False,True,Materials Project,True,False,core,True
mp-2652,Y2O3,"O,Y",4.097300000000001,0.0,False,data\eu_candidates\cifs\mp-2652__Y2O3.cif,True,False,True,False,False,False,False,False,True,Materials Project,True,False,core,True
mp-30321,Y2P4O13,"O,P,Y",5.6411,0.002947174671051,False,data\eu_candidates\cifs\mp-30321__Y2P4O13.cif,True,False,True,False,False,False,False,False,True,Materials Project,True,False,core,True
mp-581644,Y2Si2O7,"O,Si,Y",4.7121,0.0,False,data\eu_candidates\cifs\mp-581644__Y2Si2O7.cif,True,False,True,False,False,False,False,False,True,Materials Project,True,False,core,True
mp-3520,Y2SiO5,"O,Si,Y",4.7661,0.0,False,data\eu_candidates\cifs\mp-3520__Y2SiO5.cif,True,False,True,False,False,False,False,False,True,Materials Project,True,False,core,True
mp-1020615,Y2SiP4O15,"O,P,Si,Y",5.7959,0.0,False,data\eu_candidates\cifs\mp-1020615__Y2SiP4O15.cif,True,False,True,False,False,False,False,False,True,Materials Project,True,False,core,True
mp-17559,Y2TiO5,"O,Ti,Y",3.279299999999999,0.0,False,data\eu_candidates\cifs\mp-17559__Y2TiO5.cif,True,False,True,False,False,False,False,False,True,Materials Project,True,False,core,True
mp-770639,Y2W2O9,"O,W,Y",3.4568,0.026996565865387,False,data\eu_candidates\cifs\mp-770639__Y2W2O9.cif,True,False,True,False,False,False,False,False,True,Materials Project,True,False,core,True
mp-559510,Y2WO6,"O,W,Y",3.179899999999999,0.0,False,data\eu_candidates\cifs\mp-559510__Y2WO6.cif,True,False,True,False,False,False,False,False,True,Materials Project,True,False,core,True
mp-3050,Y3Al5O12,"Al,O,Y",4.5762,0.0,False,data\eu_candidates\cifs\mp-3050__Y3Al5O12.cif,True,False,True,False,False,False,False,False,True,Materials Project,True,False,core,True
mp-754979,Y3AlO6,"Al,O,Y",4.6014,0.018554306649996,False,data\eu_candidates\cifs\mp-754979__Y3AlO6.cif,True,False,True,False,False,False,False,False,True,Materials Project,True,False,core,True
mp-5444,Y3Ga5O12,"Ga,O,Y",3.5498000000000003,0.0,False,data\eu_candidates\cifs\mp-5444__Y3Ga5O12.cif,True,False,True,False,False,False,False,False,True,Materials Project,True,False,core,True
mp-554722,Y3GaO6,"Ga,O,Y",3.6846,0.005009396150004,False,data\eu_candidates\cifs\mp-554722__Y3GaO6.cif,True,False,True,False,False,False,False,False,True,Materials Project,True,False,core,True
mp-1207793,Y3Sb5O12,"O,Sb,Y",3.177499999999999,0.0,False,data\eu_candidates\cifs\mp-1207793__Y3Sb5O12.cif,True,False,True,False,False,False,False,False,True,Materials Project,True,False,core,True
mp-1207933,Y3Sc2(GaO4)3,"Ga,O,Sc,Y",3.5945,0.0,False,data\eu_candidates\cifs\mp-1207933__Y3Sc2_GaO4_3.cif,True,False,True,False,False,False,True,False,True,Materials Project,True,False,core,True
mp-14678,Y3Sc2Al3O12,"Al,O,Sc,Y",4.376,0.0,False,data\eu_candidates\cifs\mp-14678__Y3Sc2Al3O12.cif,True,False,True,False,False,False,True,False,True,Materials Project,True,False,core,True
mp-11321,Y3TaO7,"O,Ta,Y",3.5002,0.0,False,data\eu_candidates\cifs\mp-11321__Y3TaO7.cif,True,False,True,False,False,False,False,False,True,Materials Project,True,False,core,True
mp-5409,Y4Al2O9,"Al,O,Y",4.3738,0.011690191449996,False,data\eu_candidates\cifs\mp-5409__Y4Al2O9.cif,True,False,True,False,False,False,False,False,True,Materials Project,True,False,core,True
mp-769409,Y4Ga2O9,"Ga,O,Y",3.7517,0.019720387783332,False,data\eu_candidates\cifs\mp-769409__Y4Ga2O9.cif,True,False,True,False,False,False,False,False,True,Materials Project,True,False,core,True
mp-1216160,Y4Zr3O12,"O,Y,Zr",4.1146,0.0,False,data\eu_candidates\cifs\mp-1216160__Y4Zr3O12.cif,True,False,True,False,False,False,False,False,True,Materials Project,True,False,core,True
mp-19005,Y6WO12,"O,W,Y",3.4343,0.0,False,data\eu_candidates\cifs\mp-19005__Y6WO12.cif,True,False,True,False,False,False,False,False,True,Materials Project,True,False,core,True
mp-1216268,Y9Lu3Al20O48,"Al,Lu,O,Y",4.5394,0.00111056353125,False,data\eu_candidates\cifs\mp-1216268__Y9Lu3Al20O48.cif,True,False,True,False,False,True,False,False,True,Materials Project,True,False,core,True
mp-1207659,YAg(WO4)2,"Ag,O,W,Y",3.157599999999999,0.0,False,data\eu_candidates\cifs\mp-1207659__YAg_WO4_2.cif,True,False,True,False,False,False,False,False,True,Materials Project,True,False,core,True
mp-6062,YAl3(BO3)4,"Al,B,O,Y",5.359,0.0,False,data\eu_candidates\cifs\mp-6062__YAl3_BO3_4.cif,True,False,True,False,False,False,False,False,True,Materials Project,True,False,core,True
mp-540905,YAlGeO5,"Al,Ge,O,Y",3.821099999999999,0.002289981562505,False,data\eu_candidates\cifs\mp-540905__YAlGeO5.cif,True,True,True,False,False,False,False,False,True,Materials Project,True,False,core,True
mp-3792,YAlO3,"Al,O,Y",5.5402000000000005,0.018835838049996,False,data\eu_candidates\cifs\mp-3792__YAlO3.cif,True,False,True,False,False,False,False,False,True,Materials Project,True,False,core,True
mp-8058,YAsO4,"As,O,Y",3.659799999999999,0.0,False,data\eu_candidates\cifs\mp-8058__YAsO4.cif,True,False,True,False,False,False,False,False,True,Materials Project,True,False,core,True
mp-768961,YB5O9,"B,O,Y",5.3194,0.000488705611108,False,data\eu_candidates\cifs\mp-768961__YB5O9.cif,True,False,True,False,False,False,False,False,True,Materials Project,True,False,core,True
mp-29205,YBO3,"B,O,Y",5.1696,0.0,False,data\eu_candidates\cifs\mp-29205__YBO3.cif,True,False,True,False,False,False,False,False,True,Materials Project,True,False,core,True
mp-1020740,YBe2B5O11,"B,Be,O,Y",5.3906,0.0,False,data\eu_candidates\cifs\mp-1020740__YBe2B5O11.cif,True,False,True,False,False,False,False,False,True,Materials Project,True,False,core,True
mp-1207603,YGa3(BO3)4,"B,Ga,O,Y",4.720099999999999,0.003265323791666,False,data\eu_candidates\cifs\mp-1207603__YGa3_BO3_4.cif,True,False,True,False,False,False,False,False,True,Materials Project,True,False,core,True
mp-5387,YNbO4,"Nb,O,Y",3.497499999999999,0.0,False,data\eu_candidates\cifs\mp-5387__YNbO4.cif,True,False,True,False,False,False,False,False,True,Materials Project,True,False,core,True
mp-556335,YP5O14,"O,P,Y",5.447599999999999,0.0,False,data\eu_candidates\cifs\mp-556335__YP5O14.cif,True,False,True,False,False,False,False,False,True,Materials Project,True,False,core,True
mp-5132,YPO4,"O,P,Y",5.8009,0.0,False,data\eu_candidates\cifs\mp-5132__YPO4.cif,True,False,True,False,False,False,False,False,True,Materials Project,True,False,core,True
mp-1215941,YSc(BO3)2,"B,O,Sc,Y",4.452,0.00736182533333,False,data\eu_candidates\cifs\mp-1215941__YSc_BO3_2.cif,True,False,True,False,False,False,True,False,True,Materials Project,True,False,core,True
mp-769007,YScO3,"O,Sc,Y",3.1392,0.01993619708333,False,data\eu_candidates\cifs\mp-769007__YScO3.cif,True,False,True,False,False,False,True,False,True,Materials Project,True,False,core,True
mp-1207607,YScSi2O7,"O,Sc,Si,Y",4.536300000000001,0.007773638219696,False,data\eu_candidates\cifs\mp-1207607__YScSi2O7.cif,True,False,True,False,False,False,True,False,True,Materials Project,True,False,core,True
mp-752515,YTa3O9,"O,Ta,Y",3.3272,0.006093725000008,False,data\eu_candidates\cifs\mp-752515__YTa3O9.cif,True,False,True,False,False,False,False,False,True,Materials Project,True,False,core,True
mp-772036,YTa7O19,"O,Ta,Y",3.15,0.014270138518517,False,data\eu_candidates\cifs\mp-772036__YTa7O19.cif,True,False,True,False,False,False,False,False,True,Materials Project,True,False,core,True
mp-5377,YTaO4,"O,Ta,Y",4.031499999999999,0.0,False,data\eu_candidates\cifs\mp-5377__YTaO4.cif,True,False,True,False,False,False,False,False,True,Materials Project,True,False,core,True
mp-1216120,YTiNbO6,"Nb,O,Ti,Y",3.167699999999999,0.015050252777781,False,data\eu_candidates\cifs\mp-1216120__YTiNbO6.cif,True,False,True,False,False,False,False,False,True,Materials Project,True,False,core,True
mp-1207730,YTl(MoO4)2,"Mo,O,Tl,Y",3.9713,0.007501660729158,False,data\eu_candidates\cifs\mp-1207730__YTl_MoO4_2.cif,True,False,True,False,False,False,False,False,True,Materials Project,True,False,core,True
mp-532768,YZr5Si5PO24,"O,P,Si,Y,Zr",3.9423,0.013893975694442,False,data\eu_candidates\cifs\mp-532768__YZr5Si5PO24.cif,True,False,True,False,False,False,False,False,True,Materials Project,True,False,core,True
mp-1208165,YZr6(PO4)9,"O,P,Y,Zr",3.6646,0.007880601442291,False,data\eu_candidates\cifs\mp-1208165__YZr6_PO4_9.cif,True,False,True,False,False,False,False,False,True,Materials Project,True,False,core,True
mp-532444,Zr3Sc4O12,"O,Sc,Zr",3.6151,0.018824425289468,False,data\eu_candidates\cifs\mp-532444__Zr3Sc4O12.cif,True,False,False,False,False,False,True,False,True,Materials Project,True,False,core,True
